id,name,nif,address,phone
1,Cassie Terrell,119860367,"Acesso Henrique Campos 4, Casa 8, 9174-511, Tavira, Porto, Portugal",+351993424627
2,Amy-Leigh Parkinson,138993274,"N666-3 53, Lote 48, 6308-793, Aveiro, Aveiro, Portugal",+351944800777
3,Rita Maldonado,283091936,"N904-0 18, Lote 82, 1965-327, Santarem, Santarem, Portugal",+351161836096
4,Eleni Chaney,155633963,"Ladeira Ofelia Carneiro 34, Bloco 98, 7381-175, Lourosa, Evora, Portugal",+351923039710
5,Ellie-Mae May,135322141,"Caminho Moises Nogueira 1, Bloco 77, 5953-787, Evora, Viseu, Portugal",+351371655994
6,Margot Worthington,132660548,"N552-8 86, Bloco 51, 1680-372, Penafiel, Portalegre, Portugal",+351659590278
7,Kristopher Navarro,165241533,"N44 089, Lote 60, 6021-262, Caldas da Rainha, Viana do Castelo, Portugal",+351264886435
8,Derrick Lozano,205312027,"N784-5 8313, Apto. 179, 6038-359, Camara de Lobos, Vila Real, Portugal",+351851058673
9,Jed Atherton,278635477,"N88 0, Lote 05, 9418-631, Tavira, Vila Real, Portugal",+351368384501
10,Finnlay Velez,120228293,"N434-9 34, Casa 1, 2527-094, Funchal, Santarem, Portugal",+351987459911
11,Maximus Connor,221138976,"N004-0 65, Bloco 29, 9243-015, Serpa, Portalegre, Portugal",+351986564693
12,Roseanna Daniel,188007834,"N6 2, Apto. 059, 5417-721, Esmoriz, Viana do Castelo, Portugal",+35183241760
13,Wojciech Weiss,185953313,"N20 33, Lote 37, 1002-255, Penafiel, Coimbra, Portugal",+351847726832
14,Faizaan Andersen,113788783,"Calcada Ariana Pinheiro 3522, Lote 81, 8611-632, Seixal, Portalegre, Portugal",+351864340769
15,Kashif Nolan,273043543,"Avenida Carlos Rodrigues 4184, Lote 17, 1546-258, Tarouca, Setubal, Portugal",+351401925867
16,Lexi-May Easton,207265990,"N0 7930, Apto. 139, 9399-911, Santarem, Viana do Castelo, Portugal",+351638667853
17,Ffion Martins,130511358,"N481 84, Bloco 62, 1394-101, Elvas, Braganca, Portugal",+351482348601
18,Addison Gibson,235662188,"N666-7 80, Bloco 69, 9401-052, Espinho, Evora, Portugal",+351997768338
19,Kristopher Navarro,125296885,"N47 050, Bloco 82, 8880-711, Marco de Canaveses, Viana do Castelo, Portugal",+351561430550
20,Faiza Deleon,178649193,"N24 981, Lote 60, 4715-471, Figueira da Foz, Vila Real, Portugal",+351958032304
21,Janae Holland,115898776,"N01 469, Casa 4, 6566-821, Tavira, Faro, Portugal",+351168472517
22,Jade Morton,258112974,"N025 662, Lote 96, 0911-162, Paredes, Portalegre, Portugal",+351190422258
23,Samual Sherman,264935876,"N9 683, Bloco 77, 6055-235, Macedo de Cavaleiros, Faro, Portugal",+351921967022
24,Amalia Rollins,163178003,"Beco Helio Amorim 9, Bloco 15, 2361-934, Ponte de Sor, Setubal, Portugal",+351983022428
25,Benn Beach,103833577,"N994-6 8633, Bloco 46, 5066-359, Faro, Castelo Branco, Portugal",+351532320162
26,Arwa Porter,255182104,"N331-2 0, Lote 89, 3573-874, Gondomar, Vila Real, Portugal",+351170581779
27,Amba Mcdonnell,115755439,"Caminho Leandro Cunha 2, Bloco 60, 9959-078, Sines, Braga, Portugal",+351613938311
28,Samina Odling,196579136,"N719-1 6, Lote 49, 2776-801, Torres Vedras, Aveiro, Portugal",+351724428328
29,Natan Friedman,262283998,"N038-3 626, Bloco 64, 1426-090, Coimbra, Porto, Portugal",+3512312155
30,Faizaan Andersen,233025329,"N530 5, Bloco 52, 4591-555, Lagoa, Coimbra, Portugal",+351796804198
31,Mica Fritz,270632618,"N47 9056, Lote 96, 0724-033, Anadia, Guarda, Portugal",+35172114633
32,Kashif Nolan,259591045,"N69 6395, Lote 18, 8868-037, Santa Cruz, Vila Real, Portugal",+351947314367
33,Derrick Lozano,190488124,"Praca Camila Miranda 79, Bloco 08, 9942-826, Praia da Vitoria, Faro, Portugal",+351323182291
34,Cobie Cooper,243709551,"N04 025, Lote 25, 6987-942, Peniche, Castelo Branco, Portugal",+351722919604
35,Merlin Finch,109398765,"Viela Eduarda Ferreira 478, Lote 23, 3234-039, Porto, Beja, Portugal",+351890853322
36,Imani Ford,283144368,"N399 511, Apto. 420, 8018-205, Anadia, Beja, Portugal",+351433145999
37,Mahad Whyte,136809772,"N9 723, Apto. 951, 4376-935, Fiaes, Leiria, Portugal",+351906434898
38,Layla-Mae Andrade,107177246,"N08 831, Casa 9, 8414-179, Vila Baleira (a.k.a. Porto Santo), Setubal, Portugal",+351447255859
39,Roseanna Daniel,170968653,"N817-7 19, Casa 7, 6615-716, Santa Cruz, Lisboa, Portugal",+351554407815
40,Shannen Kerr,248493306,"N23 4, Lote 78, 5600-039, Trancoso, Coimbra, Portugal",+351693220277
41,Anna-Marie Collier,291191769,"N494 11, Casa 0, 8151-813, Lagoa, Faro, Portugal",+351591261722
42,Youssef Higgins,193927695,"N8 6899, Bloco 58, 4597-863, Amarante, Santarem, Portugal",+351956206791
43,Bryony Shaffer,102253321,"N46 95, Apto. 263, 2484-102, Beja, Aveiro, Portugal",+351220477740
44,Anniyah Shepherd,219422753,"Escadas Lia Torres 4382, Casa 6, 5632-491, Lagoa, Lisboa, Portugal",+35167649273
45,Alanah Greig,192169301,"N170-6 086, Lote 40, 5872-041, Tavira, Leiria, Portugal",+351683625658
46,Owais Mullins,203082744,"N893-0 827, Bloco 22, 7940-102, Olhao da Restauracao, Beja, Portugal",+351412040878
47,Mae Key,299903192,"N94 8, Bloco 54, 4344-858, Ovar, Braganca, Portugal",+351963322283
48,Ffion Martins,105302045,"N8 450, Bloco 83, 5413-265, Esmoriz, Aveiro, Portugal",+351418155404
49,Lilia Cole,245198366,"Praceta Matilde Campos 275, Casa 9, 2030-725, Vila Real de Santo Antonio, Setubal, Portugal",+351904187325
50,Konnor Whitley,264392892,"N04 0, Lote 08, 0889-245, Camara de Lobos, Santarem, Portugal",+351551594894
51,Sahara Proctor,239143829,"N7 8, Lote 90, 3187-239, Faro, Viana do Castelo, Portugal",+351959879893
52,Jamil Driscoll,274041234,"N138-1 9839, Bloco 73, 9598-826, Horta, Santarem, Portugal",+35177983112
53,Layla-Mae Andrade,155355568,"N367-3 535, Lote 03, 4595-713, Canico, Setubal, Portugal",+351748453685
54,Richard Byrne,232224568,"N7 537, Apto. 396, 7211-825, Vila Nova de Famalicao, Evora, Portugal",+351196452366
55,Etienne Barron,277387618,"Caminho Valter Tavares 3545, Lote 46, 5805-098, Quarteira, Vila Real, Portugal",+351263579384
56,Rocky Ahmed,105122520,"N5 2059, Casa 7, 8891-594, Ribeira Grande, Evora, Portugal",+351535203807
57,Anna-Marie Hinton,245382920,"N864-1 11, Bloco 83, 5804-460, Mealhada, Braga, Portugal",+351763975046
58,Jamil Driscoll,257740857,"N09 9126, Lote 95, 2675-808, Pacos de Ferreira, Setubal, Portugal",+351628203513
59,Tasneem Greenaway,204861587,"N354 49, Bloco 78, 5976-402, Canico, Viseu, Portugal",+351991891446
60,Haroon Enriquez,271109196,"Rua Samuel Faria 32, Lote 33, 7294-240, Vila do Conde, Lisboa, Portugal",+351700906736
61,Sky Rossi,299778750,"N868-2 820, Apto. 829, 0049-892, Vila Baleira (a.k.a. Porto Santo), Porto, Portugal",+351306355890
62,Ianis Byrd,218327456,"Ladeira Nuria Matias 3, Bloco 41, 3171-011, Alcobaca, Guarda, Portugal",+351392205619
63,Lilly-May Huerta,211876764,"N7 148, Lote 35, 1503-273, Valbom, Coimbra, Portugal",+351765493201
64,Brook Mccormack,145534702,"N824 311, Apto. 123, 7692-152, Meda, Santarem, Portugal",+351314020090
65,Haydon Richards,219040372,"N663-5 5, Apto. 940, 2945-067, Santiago do Cacem, Coimbra, Portugal",+351137631735
66,Shereen Horner,103782477,"N913-7 69, Lote 51, 2702-061, Vila Real, Viana do Castelo, Portugal",+351576114907
67,Avleen Findlay,218910190,"Jardim Diogo Araujo 1275, Lote 54, 8842-917, Almada, Viana do Castelo, Portugal",+351686881281
68,Miranda Brooks,218205737,"Azinhaga Antonio Assuncao 98, Casa 9, 6406-826, Montemor-o-Novo, Coimbra, Portugal",+351502883020
69,Rheanna Harris,299256892,"N135-9 588, Bloco 64, 1845-829, Mirandela, Castelo Branco, Portugal",+35193395647
70,Elis Parry,289628861,"N459 217, Casa 5, 6957-104, Agueda, Faro, Portugal",+351499091434
71,Anniyah Shepherd,161791619,"N02 6, Lote 81, 6961-872, Montemor-o-Novo, Evora, Portugal",+351997007454
72,Zhane Donald,278735119,"Beco Alexandra Brito 6, Casa 5, 2040-634, Tomar, Viseu, Portugal",+351817178965
73,Franklin Shelton,262473814,"N783 021, Apto. 902, 9061-206, Gafanha da Nazare, Braga, Portugal",+3516070610
74,Russell Prosser,129618429,"N910-0 81, Casa 3, 0279-206, Leiria, Braganca, Portugal",+351850444224
75,Benn Beach,165350112,"N95 668, Bloco 61, 1880-841, Anadia, Aveiro, Portugal",+351482428389
76,Naveed Bautista,113467043,"Ladeira Igor Soares 879, Casa 5, 5031-082, Pacos de Ferreira, Vila Real, Portugal",+351988320760
77,Mai Myers,118051943,"N55 47, Bloco 56, 9501-437, Quarteira, Leiria, Portugal",+351501414535
78,Kristopher Navarro,242889683,"N823-9 7, Bloco 80, 5528-325, Agueda, Vila Real, Portugal",+351319889417
79,Maximus Connor,168334111,"N745-0 78, Bloco 74, 9938-760, Macedo de Cavaleiros, Aveiro, Portugal",+351696694918
80,Niyah Novak,193399578,"N599-3 8195, Lote 42, 2599-528, Seixal, Aveiro, Portugal",+351609071675
81,Hughie Burns,116611185,"N174-5 99, Lote 91, 0394-538, Olhao da Restauracao, Viana do Castelo, Portugal",+351316501336
82,Siyana Wilcox,117967241,"Caminho Valentim Vieira 2, Casa 3, 9642-666, Oliveira do Hospital, Evora, Portugal",+351166106127
83,Amy-Leigh Parkinson,234685873,"N079 9, Casa 3, 0971-281, Tavira, Santarem, Portugal",+351947973069
84,Kashif Nolan,147270553,"N56 2501, Casa 2, 7256-460, Ermesinde, Lisboa, Portugal",+351244071528
85,Maariya Whittle,209321953,"Azinhaga Rodrigo Brito 896, Apto. 184, 5636-926, Vila do Conde, Portalegre, Portugal",+351666106056
86,Rickie Hooper,280224822,"N664 8976, Casa 1, 3851-765, Braga, Santarem, Portugal",+351516376077
87,Zayyan Phillips,238075038,"N0 5447, Casa 1, 9626-050, Olhao da Restauracao, Guarda, Portugal",+351202905182
88,Ephraim Hudson,134081496,"N2 229, Apto. 694, 6009-701, Viseu, Leiria, Portugal",+35117616311
89,Mai Myers,295211704,"Urbanizacao Santiago Costa 6195, Lote 38, 4796-078, Fiaes, Aveiro, Portugal",+35126392965
90,Roberta Hayes,167120870,"N497-9 381, Apto. 779, 9349-326, Amora, Portalegre, Portugal",+351566690864
91,Isaak Todd,197120979,"N69 9, Bloco 03, 4263-979, Sabugal, Evora, Portugal",+351381353656
92,Aimie Lutz,147584774,"N15 11, Casa 7, 8786-929, Estremoz, Guarda, Portugal",+351902771305
93,Rhian Hogan,162903612,"N63 91, Casa 9, 1126-741, Vila Franca de Xira, Guarda, Portugal",+351302462656
94,Teegan Mcdermott,176099121,"N236 519, Casa 8, 7613-562, Penafiel, Braga, Portugal",+351799708475
95,Sahar Villanueva,265906423,"N610 732, Apto. 168, 7413-334, Valongo, Viana do Castelo, Portugal",+351108818128
96,Maximus Connor,271354932,"N5 425, Apto. 592, 9037-291, Seia, Lisboa, Portugal",+351129286647
97,Felicia Riley,295060618,"N3 813, Apto. 321, 3760-485, Estremoz, Vila Real, Portugal",+351970497258
98,Mehak Arias,116067247,"N0 3828, Apto. 642, 1436-423, Gandra, Porto, Portugal",+351437824425
99,Max Hagan,206258734,"N50 36, Bloco 95, 4389-121, Tarouca, Castelo Branco, Portugal",+351255048504
100,Siyana Wilcox,247067240,"N921 8603, Lote 88, 9761-120, Amarante, Viana do Castelo, Portugal",+351375224998
101,Lily Macias,243890657,"N6 8, Casa 4, 6851-538, Amarante, Leiria, Portugal",+351826998569
102,Haaris Mcculloch,190392863,"N134 346, Apto. 553, 4466-311, Macedo de Cavaleiros, Viseu, Portugal",+351834015175
103,Malak Osborn,223138500,"N783 9, Casa 6, 8632-131, Barcelos, Lisboa, Portugal",+35112014898
104,Martha Butler,272889095,"N8 51, Casa 0, 9353-955, Barcelos, Santarem, Portugal",+351638877878
105,Anastazja Colon,119574336,"N894 5558, Lote 32, 5040-366, Santiago do Cacem, Setubal, Portugal",+351776154834
106,Yasser Clayton,112845678,"N433-7 931, Lote 82, 7928-098, Queluz, Guarda, Portugal",+351132946805
107,Alicia Cornish,209944426,"N9 3, Apto. 237, 8224-222, Gafanha da Nazare, Portalegre, Portugal",+351901937688
108,Pauline Mcclure,155436032,"N4 3, Casa 1, 1980-546, Tomar, Braga, Portugal",+351346822029
109,Arwa Porter,227682786,"Praca Dinis Almeida 329, Apto. 324, 3004-003, Viana do Castelo, Leiria, Portugal",+351487642068
110,Kristopher Navarro,165822036,"N993 3, Lote 26, 5481-722, Lagos, Viana do Castelo, Portugal",+351222292250
111,Annie Manning,278529925,"N747-2 9, Bloco 28, 4704-216, Quarteira, Porto, Portugal",+351977004660
112,Abdullah Farrington,224334814,"N875-2 54, Casa 9, 6393-513, Trofa, Viseu, Portugal",+351430867194
113,Anwar Armitage,239436957,"N56 8, Lote 54, 0799-996, Caldas da Rainha, Coimbra, Portugal",+351449623064
114,Anne Little,115562368,"Jardim Valentina Oliveira 372, Lote 35, 6281-073, Cartaxo, Beja, Portugal",+351659658196
115,Bryony Shaffer,294905855,"N623 24, Apto. 669, 7860-838, Montemor-o-Novo, Beja, Portugal",+351505064865
116,Viola Joyner,293329490,"N99 0, Bloco 30, 1950-335, Sabugal, Setubal, Portugal",+351895359094
117,Hermione Xiong,289043666,"Caminho Sara Braga 3, Bloco 55, 4596-179, Pombal, Faro, Portugal",+351328267630
118,Brandon Nolan,145963350,"N5 28, Casa 1, 2139-964, Vila Franca de Xira, Evora, Portugal",+351228984864
119,Mindy Webster,185022260,"N178 7542, Lote 51, 2473-328, Lourosa, Beja, Portugal",+351737640426
120,Tommie King,181272719,"N145-8 667, Lote 31, 8841-075, Santa Maria da Feira, Porto, Portugal",+351100479302
121,Arthur Legge,250429634,"Praca Norberto Cruz 1267, Bloco 18, 5237-548, Agualva-Cacem, Faro, Portugal",+35183770609
122,Deon Mccullough,215065694,"N060-4 97, Apto. 372, 0743-668, Esposende, Lisboa, Portugal",+351387989315
123,Taha Yoder,282012570,"N5 89, Bloco 20, 2637-276, Marco de Canaveses, Coimbra, Portugal",+351128100351
124,Haniya Esquivel,166512967,"N736-3 6688, Casa 6, 2131-766, Barreiro, Aveiro, Portugal",+35160104656
125,Dione Allen,182827789,"N117 539, Lote 91, 5272-447, Faro, Viseu, Portugal",+351408090571
126,Simon Todd,221425723,"N4 3926, Lote 88, 2175-192, Pacos de Ferreira, Vila Real, Portugal",+351112499541
127,Isma Bautista,232678997,"N0 534, Casa 3, 2410-841, Meda, Faro, Portugal",+351527456281
128,Faizaan Andersen,243968705,"N66 73, Apto. 251, 3738-640, Ovar, Santarem, Portugal",+351724743022
129,Nancy Spears,135924958,"Acesso Matias Correia 7286, Casa 5, 5491-695, Loule, Santarem, Portugal",+351914823762
130,Jorgie Mcdougall,117773472,"N034-2 4887, Bloco 29, 6102-060, Vila Baleira (a.k.a. Porto Santo), Viana do Castelo, Portugal",+351432086912
131,Maariya Whittle,211370441,"N079 1234, Lote 27, 2272-442, Vila Nova de Famalicao, Viana do Castelo, Portugal",+351656949197
132,Anum Mckenzie,167157856,"N5 49, Bloco 00, 8946-066, Torres Vedras, Faro, Portugal",+351222371985
133,Zayyan Phillips,297720668,"N8 632, Apto. 460, 9481-467, Praia da Vitoria, Aveiro, Portugal",+351657510328
134,Alicia Cornish,279972347,"N658 6, Lote 49, 6579-173, Fafe, Faro, Portugal",+351765145496
135,Tj Bonilla,115961922,"N82 5, Bloco 79, 1783-150, Funchal, Coimbra, Portugal",+351190766637
136,Shereen Horner,178383355,"N484 90, Casa 4, 9364-255, Santana, Coimbra, Portugal",+351606806540
137,Freddy Cote,290225372,"N2 884, Casa 5, 4973-190, Portimao, Viana do Castelo, Portugal",+351333484375
138,Jarred Murray,199048151,"N212-7 30, Lote 84, 0236-312, Beja, Vila Real, Portugal",+351725379406
139,Nafisa Corrigan,149915624,"N815-6 76, Bloco 79, 0764-917, Horta, Porto, Portugal",+351692302436
140,Miranda Brooks,261703107,"N2 5711, Bloco 49, 9456-158, Rio Tinto, Leiria, Portugal",+351526273604
141,Lillie-May Dickinson,166379688,"N88 7, Lote 55, 7205-166, Espinho, Portalegre, Portugal",+351398396706
142,May Sierra,165591790,"Beco Barbara Sa 6, Casa 5, 0103-028, Fafe, Leiria, Portugal",+351452593144
143,Merlin Finch,251438556,"Ladeira Frederica Magalhaes 509, Casa 5, 3753-151, Santarem, Braga, Portugal",+351148290726
144,Rheanna Harris,123227829,"N1 128, Apto. 487, 9459-548, Santa Comba Dao, Evora, Portugal",+351759165135
145,Gracie-Mae Mckee,204757876,"N801-7 22, Lote 05, 7385-573, Ilhavo, Braganca, Portugal",+351996461595
146,Max Hagan,232104465,"N475-3 69, Apto. 511, 7255-340, Vila Real de Santo Antonio, Portalegre, Portugal",+351797635516
147,Chanelle Faulkner,208891439,"N6 74, Lote 20, 9378-384, Vila Nova de Famalicao, Braga, Portugal",+351636035979
148,Dina Kemp,195669357,"N6 46, Lote 10, 0092-703, Camara de Lobos, Santarem, Portugal",+351626134998
149,Romany Frost,101021656,"N0 871, Casa 5, 8017-183, Vila Franca de Xira, Coimbra, Portugal",+351890362728
150,Koa Esquivel,164582570,"N7 36, Apto. 881, 7456-885, Vizela, Castelo Branco, Portugal",+351126725444
151,Dustin Franco,197433225,"N1 276, Bloco 49, 8421-929, Penafiel, Viseu, Portugal",+35192598124
152,Pedro Sharpe,249377343,"N906 7, Lote 66, 2079-594, Seixal, Porto, Portugal",+351991225167
153,Zayyan Phillips,147641906,"N489-0 650, Bloco 85, 2740-046, Lourosa, Coimbra, Portugal",+351907550593
154,Oluwatobiloba Patterson,222543107,"N65 7, Casa 3, 3874-322, Barreiro, Viana do Castelo, Portugal",+35131398431
155,Moesha Copeland,282075659,"N80 1474, Casa 6, 4963-002, Oliveira de Azemeis, Leiria, Portugal",+351385536864
156,Josef Humphreys,160613048,"N10 498, Lote 97, 0240-710, Cantanhede, Vila Real, Portugal",+351544075502
157,Romany Frost,124037219,"N6 0, Bloco 95, 8002-304, Tondela, Lisboa, Portugal",+351673270998
158,Franklin Shelton,134009528,"N7 7645, Apto. 221, 6527-927, Guimaraes, Guarda, Portugal",+351981752077
159,Jarred Murray,205179301,"N395 22, Lote 03, 3837-246, Odivelas, Castelo Branco, Portugal",+351838489337
160,Eleni Chaney,274119718,"N512 07, Apto. 545, 5419-441, Vale de Cambra, Beja, Portugal",+351463095296
161,Isabella Davey,126140899,"N4 532, Apto. 173, 7781-263, Almada, Vila Real, Portugal",+351883557932
162,Lily Macias,208909592,"N8 9705, Lote 30, 8456-620, Loule, Beja, Portugal",+351814465216
163,Yaqub Wyatt,144901622,"N68 333, Apto. 533, 1294-027, Silves, Faro, Portugal",+351686192328
164,Rupert Underwood,278402655,"N379-2 2060, Lote 18, 8413-942, Horta, Vila Real, Portugal",+351308111086
165,Lillie-May Dickinson,129008146,"N309 2, Casa 6, 2061-809, Trofa, Braga, Portugal",+351550954867
166,Conah Lim,163288364,"N441 79, Apto. 092, 9839-606, Lamego, Beja, Portugal",+351944769612
167,Ava Barlow,262410290,"N199 7, Bloco 85, 1037-611, Sao Mamede de Infesta, Braganca, Portugal",+351818967328
168,Tyron Crosby,173176198,"Praca Julieta Abreu 461, Casa 6, 9579-176, Figueira da Foz, Santarem, Portugal",+351607993564
169,Rheanna Harris,273380725,"N896 0, Lote 12, 6084-278, Santarem, Aveiro, Portugal",+351858408319
170,Simon Todd,181250386,"N508-0 0, Casa 4, 7057-314, Fiaes, Castelo Branco, Portugal",+351231422815
171,Autumn Cooke,141816330,"N156 7, Casa 5, 1521-163, Esmoriz, Viana do Castelo, Portugal",+351424823206
172,Tyron Crosby,277055288,"Estrada Tomas Coelho 167, Lote 75, 8660-539, Oliveira do Bairro, Coimbra, Portugal",+351826727976
173,Ava Barlow,189453202,"Quinta Daniela Azevedo 70, Lote 21, 6043-169, Seia, Viseu, Portugal",+351441888711
174,Conah Lim,287089507,"Urbanizacao Fabiana Marques 2861, Lote 62, 1610-615, Vila Franca de Xira, Faro, Portugal",+351138115192
175,Amirah Mckenzie,168629090,"N858-3 2119, Lote 97, 1358-531, Amora, Beja, Portugal",+351401312365
176,Quinn Goodman,171769334,"N119 26, Casa 2, 2623-620, Santo Tirso, Porto, Portugal",+351164651736
177,Teejay Frank,194644314,"N377 864, Bloco 69, 8439-091, Macedo de Cavaleiros, Guarda, Portugal",+351532567702
178,Tasneem Greenaway,187522502,"N820-1 3, Lote 26, 9867-753, Vila Real de Santo Antonio, Viseu, Portugal",+351453733448
179,Georga Fischer,133599541,"N896-0 5700, Apto. 929, 6324-464, Santarem, Braga, Portugal",+351526688512
180,Nicolle Clegg,118311759,"Alameda Joao Garcia 634, Casa 8, 6019-380, Marinha Grande, Braga, Portugal",+351908813403
181,Hermione Xiong,161684038,"Jardim Juliana Moura 1, Apto. 839, 1252-004, Vila Nova de Santo Andre, Lisboa, Portugal",+351196465658
182,Ayomide Whiteley,254833870,"N741 97, Casa 9, 8721-927, Cartaxo, Aveiro, Portugal",+35114231748
183,Teejay Frank,219090408,"N822-4 2378, Lote 18, 0131-364, Amarante, Aveiro, Portugal",+351609320568
184,Jorgie Mcdougall,243605446,"Praceta Cesar Gaspar 194, Bloco 19, 3222-977, Olhao da Restauracao, Braganca, Portugal",+351365738646
185,Samual Sherman,127873640,"N255 6120, Bloco 36, 3019-410, Valongo, Viana do Castelo, Portugal",+351494558015
186,Imani Ford,172586757,"N91 669, Lote 03, 0042-439, Vila Nova de Santo Andre, Leiria, Portugal",+3515503920
187,Liyana Kirkland,177766400,"N54 5368, Bloco 98, 6589-554, Olhao da Restauracao, Portalegre, Portugal",+351987489012
188,Miley Andersen,201870127,"N02 3, Lote 03, 1889-170, Vila Nova de Gaia, Lisboa, Portugal",+351972164055
189,Simon Todd,259502918,"N277-9 70, Bloco 56, 9958-938, Barreiro, Coimbra, Portugal",+351647284114
190,Jamil Driscoll,150264314,"N14 5, Bloco 57, 4783-232, Santa Comba Dao, Viseu, Portugal",+351554721320
191,Jim Hayes,109815719,"N005 7943, Bloco 98, 9325-168, Pombal, Porto, Portugal",+351902084772
192,Emelie Preston,279035354,"N9 9, Casa 5, 4778-138, Faro, Guarda, Portugal",+351958526696
193,Zofia Xiong,115273691,"N142-8 58, Apto. 347, 7946-944, Paredes, Santarem, Portugal",+351504506478
194,Brent Watson,193537986,"N365-5 8938, Lote 26, 7149-773, Mirandela, Beja, Portugal",+351741131936
195,Elis Parry,215733069,"N481 970, Casa 8, 5784-164, Covilha, Leiria, Portugal",+351894897767
196,Donald Ewing,141277457,"Quinta Luena Domingues 547, Apto. 759, 2320-597, Marinha Grande, Porto, Portugal",+351555232340
197,Bronwen Arellano,284798239,"N24 2, Bloco 33, 1263-679, Abrantes, Braganca, Portugal",+351236143939
198,Zacharias Fraser,167639566,"Ladeira Manuel Campos 7, Casa 3, 6209-688, Esmoriz, Viseu, Portugal",+351280824135
199,Carrie-Ann Ramsey,230910552,"N426 921, Apto. 589, 8118-809, Povoa de Varzim, Viana do Castelo, Portugal",+351641859793
