id,name
0,Audio & Video Accessories
1,TV Mounts
2,TV Accessories & Parts
3,Electronics
4,A/V Presentation
5,Accessories & Supplies
6,TV Ceiling & Wall Mounts
7,Stereos
8,Portable Bluetooth Speakers
9,TV
10,Video & Home Audio
11,Speaker Systems
12,Portable Audio & Video
13,See more Black BOYTONE Bt-210f 30 Watt FM Radio Bluetoo...
14,Speakers
15,Home Audio & Theater
16,All Home Speakers
17,Consumer Electronics
18,See more BOYTONE Bt-210f Bluetooth Wireless Speaker Mp3...
19,Home Theater Systems
20,MP3 Player Accessories
21,Home Audio
22,Audio
23,Cell
24,Stereo Shelf Systems
25,Computers
26,Office
27,Computer Accessories
28,Computer Accessories & Peripherals
29,Laptop Accessories
30,Laptop Chargers & Adapters
31,Computers & Tablets
32,Battery Chargers
33,Batteries
34,Office Technology
35,Bluetooth & Wireless Speakers
36,Portable Speakers & Docks
37,Surround Speakers
38,Electronics Features
39,Surround Sound Systems
40,Frys
41,All Home Theater Systems
42,TVs Entertainment
43,Home Electronics
44,TV Sound Systems rxxbwxxcscxuvutetd
45,Home & Kitchen Features
46,Audio Speakers
47,TV Sound Systems
48,Home Theater
49,Electrical
50,Remote Controls
51,TV Remote Controls
52,Universal Remote Controls
53,TV & Home Theater
54,TV & Home Theater Accessories
55,Audio & Home Theatre
56,Internal Solid State Drives
57,Solid State Drives
58,Computers & Accessories
59,Hard Drives & Storage
60,Data Storage
61,Memory (RAM)
62,Computer Components
63,Memory Upgrades
64,Memory
65,Computer Cards & Components
66,MP3 & MP4 Player Accessories
67,Portable Speakers
68,Cameras & Camcorders
69,All Camcorders
70,Home
71,Garage & Office
72,Pet Supplies & Technology
73,Pet Cameras & Technology
74,Wearable Pet Cameras
75,Webcams
76,Housewares
77,Pet Cameras
78,Dog
79,Training Aids
80,Training & Behavior
81,Networking
82,Routers
83,pet
84,Security & Surveillance
85,Surveillance Video Equipment
86,Security Monitors & Displays
87,Headphones
88,Bluetooth Headphones
89,All Headphones
90,Portable Audio & Headphones
91,Earbud Headphones
92,Mobile
93,Internal Hard Drives
94,Internal Drives
95,Drives
96,Storage & Blank Media
97,Hard Drives (HDD
98,SSD & NAS)
99,Internal Hard Disk Drives
100,Drives Storage
101,Computers/Tablets & Networking
102,Audio Power Conditioners
103,A/V Surge Protectors & Power
104,Musical Instruments & Gear
105,Pro Audio Equipment
106,Extension Cords & Surge Protectors
107,Multipurpose Batteries & Power
108,Surge Protectors
109,Power Strips
110,Parts & Accessories
111,Car Speakers
112,6.5\\ Car Speakers
113,Car Electronics
114,eBay Motors
115,Car Audio
116,Auto & Tires
117,All Car Speakers & Subwoofers
118,Coaxial Speakers
119,Speakers & Speaker Systems
120,Car & Vehicle Electronics
121,Auto Electronics
122,Car Speakers & Speaker Systems
123,Car Speakers and Subwoofers
124,Vehicle Electronics & GPS
125,Car Electronics & GPS
126,Hard Drives
127,Solid State Drives (SSDs)
128,Data Storage Products
129,Accessories
130,Portable Power Banks
131,Portable Chargers/Power Packs
132,Cell Phones & Accessories
133,Cell Phones
134,Portable Battery Packs
135,Cell Phone Accessories
136,Cell Phone Batteries & Power
137,Batteries & Battery Packs
138,cell
139,Power
140,Chargers & Cradles
141,Bluetooth Headsets
142,Wireless Headphones
143,In-Wall & In-Ceiling Speakers
144,In-Ceiling Speakers
145,Projectors & Presentation Equipment
146,Audio Visual Presentation
147,TV Stands
148,Mounts & Furniture
149,Projector Mounts Accessories
150,Projector Mounts & Screens
151,Projector Mounts
152,Mounts Carts
153,Mounting Plates
154,Projectors & Screens
155,Networking Products
156,Powerline Network Adapters
157,Network Adapters
158,Marine Audio
159,Fishing
160,Powersports Audio
161,Automotive
162,Outdoor Sports
163,Marine & Powersports
164,Marine Electronics
165,Marine Speakers
166,PDUs
167,Surge Protectors & Power
168,Chargers & Accessories
169,Keyboards
170,Mice & Joysticks
171,All Keyboards
172,Mice & Accessories
173,iPad & Tablet Accessories
174,Tablet Cases
175,Covers & Keyboard Folios
176,Computer Peripherals
177,Keyboards Accessories
178,Computers Features
179,Cases
180,Name Brands
181,Microsoft
182,Microsoft Surface
183,Microsoft Surface Accessories
184,Microsoft Surface Cases & Covers
185,Microsoft Surface Tablets
186,Tablets
187,All Bluetooth & Wireless Speakers
188,Speaker Accessories
189,Selector Switch Boxes
190,Speaker Selector Switches
191,Home Improvement
192,Distribution
193,In-Dash Stereos
194,Home Audio Accessories
195,Ceiling & In-Wall Speakers
196,Straps & Hand Grips
197,Camera & Photo Accessories
198,Camera Accessories
199,Cameras & Photo
200,Digital Camera Accessories
201,Camera Straps
202,Photography
203,Other Camera Accessories
204,Camera Straps Harnesses
205,Photography Bags Cases
206,Camera Bags
207,Cases & Straps
208,Backpacks ffvzrevebzuqvcddwzzxeuwva
209,Camera Bags & Cases
210,Bag & Case Accessories
211,Camera Backpacks
212,Camera & Photo
213,Hiking Daypacks
214,Camera Cases
215,Backpacking Packs
216,Camera & Photo Features
217,Backpacks
218,Bags & Cases
219,Outdoor Recreation
220,LCD TVs
221,Samsung TVs
222,Shop TVs by Type
223,Televisions
224,TVs by Brand
225,All Flat-Panel TVs
226,All TVs
227,LED & LCD TVs
228,TVs
229,TV & Video
230,Television & Video
231,LED TVs
232,Portable Audio
233,Portable Wireless & Bluetooth Speakers
234,Wireless and Bluetooth Speakers
235,Wireless & Portable Bluetooth Speakers
236,Computer Speakers
237,Car Subwoofers
238,Subwoofers
239,Subwoofer Speakers
240,Refurbished Tablets
241,See more Apple iPad 3rd Generation 64GB
242,Wi-Fi
243,A1416
244,...
245,Tablets & eBook Readers
246,Laptop Memory
247,Monitor Wall Mounts
248,Monitor Mounts Stands
249,In-Wall Speakers
250,Install Outdoor Speakers
251,TVs Entertainment rurzqfuttdttut
252,Receivers Amplifiers
253,Receivers
254,Home Theater Receivers
255,Receivers & Amplifiers
256,AV Receivers & Amplifiers
257,Batteries & A
258,Tools
259,C Adapters
260,Car Battery Chargers
261,Chargers & Jumper Cables
262,Electric Screens (Wide Formats) drabtxtysaxdbf
263,Projector Screens
264,Projection Screens
265,Electric Screens (Wide Formats)
266,Electric Screens (Wide Formats) rcrbftadsasbvtdtaddybarcyxyr
267,Projection Screens edqcqwqd
268,Electric Screens (Wide Formats) baesfadqwexxbctqsw
269,Projection Screens (by Type)
270,Mobile Bluetooth Speakers
271,Mobile Speakers
272,Outdoor Speakers
273,Speaker Separates
274,6\\ x 8\\ Car Speakers
275,4K Hisense TVs
276,4K TVs by Brand
277,Network Attached Storage
278,Internal Drives awwrreydetdbtcseaw
279,Internal Drives dyvcuetbawyvbsytuvtzvtdabqtvcawudqty
280,PC Components
281,Hard Drives - Internal
282,Internal Drives wcxaeeveystbtzftbafuee
283,Internal Drives ceefrfsraebcuusavwfbwty
284,Earbud & In-Ear Headphones
285,All Portable Speakers
286,Portable AM/FM Radios
287,Docks
288,Radios & Boomboxes
289,Radios
290,Shortwave Radios
291,MP3 Accessories
292,Car Receivers
293,All In-Dash Stereos
294,Car Video
295,In-Dash DVD & Video Receivers
296,Car Stereo Receivers
297,All Car Stereo Receivers
298,Auto Accessories
299,All Auto Accessories
300,iPod
301,Audio Player Accessories
302,Remotes
303,Car Electronics Accessories
304,Audio/Video Remotes
305,Other Car Audio
306,Car Installation Parts & Accessories
307,Bluetooth/Hands-Free Car Kits
308,Used:Monitors Accessories
309,Used:Other Monitor Accessories
310,Used:Video
311,LCD Television Mounts
312,Office Equipment Supplies
313,Home Audio & Video Accessories
314,Audio-Video Shelving
315,Shelving
316,Speaker Wall Mounts
317,Mount Accessories
318,Furniture
319,TV Accessories
320,Home & Kitchen
321,Audio Visual Presentation reuqrtetbvuyusedwxvswsdrrqcb
322,Mount Add-Ons
323,Home Entertainment Furniture
324,Storage & Organization
325,Video Games & Consoles
326,Video Game Accessories
327,Headsets
328,Video Games
329,Gaming Headsets
330,Audio & Video Components
331,Microphone & Headsets
332,Audio Cables
333,RCA Cables
334,Speaker Cables & Wire
335,Cables & Interconnects
336,Tools & Home Improvement
337,Wireless & Streaming Audio
338,Wireless Speakers
339,Wireless Multi-Room Speakers
340,Wireless Multi-Room Speakers dusrsqqdtddevtxfaxsqbcdbucserurxzcfzu
341,In-Home Speakers
342,Bookshelf Speakers
343,Satellite Radio
344,Satellite Radios
345,Car Satellite Radios
346,SIRIUS XM Satellite Radio
347,Desktop Memory
348,Computer Components & Parts
349,Memory (RAM
350,Samsung Tax Time Savings
351,Refurbished TVs
352,Smart TVs
353,Sports & Outdoors
354,Kicker
355,Speaker Separates xdxucwferurybaydybbz
356,Powered Speakers
357,Mics Webcams
358,Tabletop Audio
359,Mini Hi-Fi Systems
360,Install Outdoor Speakers rrrxazwwfbsa
361,Outdoor Speakers rxxbwxxcscxuvutetd
362,Floor Speakers
363,Media Streaming Players
364,New Technology
365,Streaming Media Players
366,Internet TV Broadcasters
367,Streaming Media
368,All Streaming Media Players
369,Blank Media
370,Data Cartridges
371,Camcorder Tapes & Discs
372,Camcorder Accessories
373,Blank DVDs & Tapes
374,Video & Audio Accessories
375,Other TV
376,Video & Audio Accs
377,Mini DVs
378,Audio Cassettes
379,Audio Docks & Mini Speakers
380,Used:TV Entertainment
381,Used:Portable Audio
382,Sony SRS-HG1
383,Used:Speakers
384,Wireless Home Speakers
385,Home & Garden
386,Wireless
387,Security Cameras
388,Wireless Cameras
389,Security Cameras & Surveillance
390,Surveillance Video
391,Home Security
392,Smart Home
393,Surveillance
394,Surveillance Equipment
395,Mesh Wi-Fi
396,Wi-Fi & Networking
397,Home Automation
398,Networking & Wireless
399,Home Automation Kits
400,Whole Home Smart Wi-Fi
401,Home Automation & Security
402,Home Networking & Connectivity
403,Wireless Networking
404,Home Automation and Security
405,Whole Home Smart Wi-Fi vsfwsaywuaxvyz
406,Wireless Routers
407,Home Automation Hub
408,Automation Packs
409,Whole Home Wi-Fi Systems
410,Smart Home Assistants
411,Controllers & Hubs
412,Smart Home Kits and Hubs
413,Whole Home Smart Wi-Fi zdztuauwxcwwrb
414,Whole Home Smart Wi-Fi rzfbqsbddwuyywwqdvdzdvxasb
415,Car Stereos
416,In-Dash DVD Players
417,In-Dash DVD Receivers
418,Headrest DVD Players
419,Backup Cameras
420,car electronics
421,Vehicle Backup Cameras
422,Auto Safety Accessories
423,Wireless & Multiroom Audio
424,Wireless Multiroom Speakers
425,Tripod Screens
426,External Drives szwzcatdryyexyswev
427,External Drives
428,External Solid State Drives
429,10\\ Car Subwoofer
430,All Car Subwoofers
431,Car Subwoofers & Enclosures
432,Component Subwoofers
433,Subwoofers & Enclosures
434,See more Novatel Jetpack MiFi 6620l Hotspot 4G LTE Veri...
435,Mobile Broadband
436,Mobile Broadband Devices
437,Access Points
438,Hubs & Switches
439,Verizon Hotspots
440,Mobile Hotspots
441,On-Ear Headphones
442,Phones & Accessories
443,Headsets & Accessories
444,Tech Toys
445,Movies
446,Music
447,Over the Ear
448,Computer Monitors ardbvbarzuftq
449,LCD Monitors
450,Monitors
451,Projectors & Accs
452,Monitors Displays
453,Laptops
454,Computer Monitors
455,External Drives yaxcrfezbsbyucxcacwxfzcywcaueuqbquu
456,Subwoofers yytusrxxusszazawxruwdtbeucyzda
457,External Hard Disk Drives
458,Hard Drive Accessories
459,External Hard Drives
460,Hard Drive Bags & Cases
461,Tablet Docking Stations
462,Docking Stations
463,Notebook Accessories
464,Docking Stations Port Replicators
465,DVD Drives
466,computers & tablets
467,External Components
468,Optical Drives
469,Disc Duplicators
470,Technology
471,LED Monitors
472,Sound Bars
473,Portfolio Cases tfqvddravsdxfrevbrcayzywwsdxvrrfbewb
474,Cell Phone & Tablet Accessories
475,Portfolio Cases bwvwfaaerfwzcuwtaxtfztsbfbeurbfwtds
476,iPad & Tablets
477,Apple iPad Accessories
478,Portfolio Cases syeetfbwuy
479,Form Fitting Cases
480,Tablet Computer Cases
481,iPad Cases
482,Sleeves & Bags
483,Portfolio Cases sqwdyuebzb
484,Portfolio Cases
485,Portfolio Cases csvwwceq
486,Pro Audio
487,RCA to RCA Cables
488,Speaker Cables
489,Cables Adapters
490,A/V Cables & Connectors
491,Towers
492,Lenovo
493,Desktops By Brand
494,All Desktops
495,Desktops
496,Desktop & All-in-One Computers
497,Desktop Computers
498,All-in-One Computers
499,Desktops Workstations
500,Desktop Computers wbeszexzzxeteywxtzby
501,Desktops & All-In-Ones
502,PC Desktops & All-In-Ones
503,Computer Speakers xcbsztzedbfwuy
504,Computer Speakers rxbctasrurctsc
505,PC Computers
506,Computer Speakers bezecfsy
507,See more Samsung Ubd-m9500 4k Ultra HD Blu-ray Player
508,Blu-ray DVD Players
509,Test
510,Measurement & Inspection
511,Blu-ray Disc Players
512,Electrical & Test Equipment
513,Blu-ray Players & Recorders
514,Portable DVD Players
515,DVD & Blu-ray Players
516,Used:Blu-ray Disc Players
517,Used:Players Recorders
518,Blu Ray and DVD Players
519,Other Test Meters & Detectors
520,Media Players & Recorders
521,Business & Industrial
522,See more Samsung Ubd-m8500 4k WiFi Ultra HD Blu-ray DVD...
523,Blu-ray Players
524,Blu-ray DVD Players sdxexcebrx
525,Test Meters & Detectors
526,Blu-ray & DVD Players
527,Compact & Shelf Stereos
528,Home Audio Stereos
529,Components
530,Boomboxes
531,Gaming Monitors
532,All Monitors
533,CD Players & Digital Media Receivers
534,Motors
535,Marine Stereos
536,CD Players
537,Digital Media Receivers
538,Digital Cameras
539,Point & Shoot Cameras
540,All Point & Shoot Cameras
541,All Cameras
542,Point Shoot Cameras
543,Point & Shoot Digital Cameras
544,All Home Stereos
545,TVs & Electronics
546,Subwoofer Cables
547,Cables
548,Over-Ear Headphones
549,Over-Ear & On-Ear Headphones
550,Wireless Adapters Cards
551,USB Wi-Fi Adapters/Dongles
552,Networking Cables & Accessories
553,USB Network Adapters
554,Wireless Networking rwtaqbstbwzzteq
555,USB Wi-Fi Adapters
556,Cameras
557,Camcorders & Optics
558,Bags & Covers
559,Universal Camera Bags & Cases
560,Shoulder Bags
561,Controllers
562,Video Game Racing Wheels for PC
563,Nintendo
564,Xbox or PlayStation
565,Gaming Peripherals
566,Xbox One
567,Xbox One Accessories
568,Xbox One Controllers
569,Gaming Controllers svurybvfds
570,Racing Wheels
571,PC Gaming
572,PC Gaming ftdzsbvfbetarvufrccysccfxybxctt
573,Gaming Controllers zuxbbweveteztffywrybecztecqtezfbc
574,Controllers & Attachments
575,Gaming Controllers
576,Gaming
577,Used:Film Camera Lens Accessories
578,Used:Filters
579,Used:UV
580,Haze
581,Protection Clear
582,Used:35mm Lens Accessories
583,UV
584,Clear Skylight
585,Filters
586,Protective Polarizing Filters
587,Skylight & UV Filters
588,Used:Film Photography
589,Used:Standard Filters
590,PC Range Extenders
591,Wi-Fi Extenders
592,Powerline Networking
593,Projection Screens & Material
594,Projectors and Screens
595,Projection Screens (by Type) baesfadqwexxbctqsw
596,Slide & Movie Projection
597,Fixed Frame Screens
598,Office Electronics Accessories
599,Film Photography
600,Camera Chargers & Adapters
601,Batteries & Chargers
602,Camera
603,Camera Batteries & Power
604,Microphones & Headsets
605,PC & Digital Gaming
606,PC Gaming USB Controllers & Joysticks
607,PC Gaming Headsets
608,Gaming Accessories & Peripherals
609,Headsets & Microphones
610,PC Headsets
611,Computer Headsets
612,Shop Headphones by Type
613,Over-Ear and On-Ear Headphones
614,Home Theater & Audio
615,Used:Headphones
616,Used:Pro Audio
617,Used:Audio Monitoring
618,Shelf Systems
619,#34          in
620,Manual Screens
621,#55
622,901          in
623,#736          in
624,Center Channel Speakers
625,Center-Channel Speakers
626,Speaker Separates baesfadqwexxbctqsw
627,Receivers xxsdxrxxsxubbsxbrfszdwautssv
628,Vintage Speakers
629,Vintage Electronics
630,Home Speakers & Subwoofers
631,Bookshelf Speakers yytusrxxusszazawxruwdtbeucyzda
632,Mirrorless System Lenses
633,See more Panasonic LUMIX 100-400mm F/4-22 UED ED Lens F...
634,Mirrorless Lenses
635,Lenses & Filters
636,Camcorders
637,Digital Camera Lenses
638,Camera Lenses
639,Photo Accessories
640,Lenses
641,Samsung Smart TVs
642,Smart TVs by Brand
643,4K Ultra HDTVs
644,Internal Power Supplies
645,Power Supplies
646,Mice & Mice Pads
647,All Mice & Mice Pads
648,Mice Touchpads
649,Mice
650,Trackballs & Touchpads
651,Mice Touchpads dfttcvcdsazbuztqfecurburvtwvaaxu
652,Mice Touchpads tdzfbcftbtrvtdescffxwcbq
653,Mice & Pointers
654,Mice Touchpads dzxtwwcywtuatsferbucxdutzzbf
655,Mice & Keyboards
656,Mice Pointing devices
657,Wireless & Bluetooth Mice
658,Laptop Batteries
659,computers
660,Walmart for Business
661,Office Electronics
662,Phones
663,Telephones & Communication
664,Special Needs Telephones
665,Categories
666,Big Button & Amplified Telephones
667,Connected Home & Housewares
668,Phones Video Conferencing
669,Analog Phones Accessories
670,Phone Accessories
671,Collaboration IP Telephony
672,Bluetooth Headphones rydyqsaxrbrdyuquyetsrydxefvucsr
673,Home Audio Components
674,CD Players Changers
675,Compact Radios & Stereos
676,Repeaters
677,4K Ultra HD TVs
678,4K LG TVs
679,Portable Battery Packs yxdasxffaabvrfusya
680,Portable Battery Packs ccbdtucwsuccsbzvxsect
681,Mobile Power
682,Power Accessories
683,Rechargeable Batteries
684,Portable Battery Packs bcxsstqzbavv
685,Cooling Racks
686,Receivers utxxbvrw
687,Traditional Laptops
688,Windows 10 Laptops
689,All Laptops
690,PC Laptops
691,Touch-Screen All-in-One Computers
692,Desktop Barebones
693,Car Safety & Convenience
694,Vehicle Diagnostics
695,6\\ x 9\\ Car Speakers
696,Install Outdoor Speakers wbdadzefwwsbvcrtwtvxqqdxsqdwtdtrwt
697,In-Wall and In-Ceiling Speakers
698,all electronics
699,Android Auto Receivers
700,Cables & Accessories
701,Input Devices
702,Mice Trackballs
703,Power Conditioners
704,GPS & Navigation
705,Handheld GPS Units
706,Vehicle GPS
707,GPS Accessories
708,GPS Navigation & Accessories
709,Portable GPS
710,Televisions Video Equipment
711,KVM
712,DVI/VGA KVM Extenders
713,Modem Cables
714,TV Cables & Connectors
715,Interface / Add-On Cards
716,KVM Extenders
717,Other
718,Home Theater Projectors
719,Pico Projectors
720,Video Projectors
721,Projectors
722,Used:Multimedia Projectors
723,Used:A/V Presentation
724,Wireless Multi-Room Speakers uytueusqxdvcfrxftfeefvcxudq
725,Wireless Multiroom Audio Systems
726,Speakers (Wall/Ceiling/PA)
727,Speaker Systems Accessories
728,See more Samsung R1 Wireless Audio Radiant 360 Wi-Fi Bl...
729,Wireless Multiroom Systems
730,Tablet Keyboard Folios
731,Tablet Accessories
732,Bags
733,Cases & Sleeves
734,Keyboard Folios
735,Logitech
736,Tablet Keyboards
737,Memory Cards
738,Memory Cards Accessories
739,Secure Digital (SD
740,SDHC
741,SDXC)
742,SD Cards
743,Computer Cables & Connectors
744,Flash Memory
745,Secure Digital (SDHC)
746,Flash Memory Cards
747,Switches
748,Wired Networking
749,Ethernet Switches
750,Enterprise Networking
751,Servers
752,Network Switches
753,Switches & Hubs
754,Bridges Hubs
755,Sports & Handheld GPS
756,Smartwatch Bands
757,Wearable Technology
758,Smartwatches & Accessories
759,Smartwatch Accessories
760,Watch Bands
761,Marine Electronics Accessories
762,Marine Decks
763,Laptop Replacement Parts
764,Internal Network Cards
765,Shop Laptops by Type
766,Touchscreen Laptops
767,Acer Laptops
768,Laptops By Brand
769,Acer
770,PC Laptops & Netbooks
771,Laptops & Netbooks
772,Chromebooks
773,See more Samsung 960 EVO 500gb NVMe M.2 Internal SSD
774,Internal Drives szwzcatdryyexyswev
775,Solid State Drives - SSD
776,Tabletop Radios
777,Laptop & Desktop Accessories
778,Video Surveillance
779,Surveillance Systems
780,Remote Home Monitoring Systems
781,Smart Security Cameras
782,Connected Home
783,The Well Chosen Event
784,Exercise Equipment & Wearables
785,Electronics Deals
786,See more Sony Wireless Headphones Wh-1000xm2 Black
787,Well Chosen Headphones
788,Ways To Shop
789,Micro SD (SD
790,microSD (SDHC
791,Micro SDXC
792,microSDXC
793,Health & Household
794,Fitness & Activity Monitors
795,Wellness & Relaxation
796,Earbuds and In-ear Headphones
797,True Wireless Earbud Headphones
798,PC Gaming Accessories
799,All PC Headsets
800,See more Razer Kraken Pro V2 Analog Gaming Headset for ...
801,Photography brqwasseuwbxvrwtdreewezqfxycfsdyzrceza
802,Photography wqctvrrvbybxwsxf
803,Mirrorless System Cameras
804,All Mirrorless Cameras
805,Mirrorless Cameras
806,Mid Range Speakers
807,All Car Speakers
808,See more Alpine SPS-610C 2-Way 6.5in. Car Speakers Syst...
809,Prime Lenses
810,All Camera Lenses
811,SLR Lenses
812,DSLR Lenses
813,In-Dash Audio Players
814,Digital Media and CD Player Receivers
815,In-Dash with DVD
816,Graphics Cards
817,GPUs/Video Graphics Cards
818,Graphics/Video Cards
819,PC to TV
820,General Accessories
821,Home Theater Networking
822,TVs & Entertainment
823,Desktop Computers By Type
824,Shop Desktops By Type
825,Gaming Desktops
826,Towers Only
827,All Laptop Computers
828,Featured Laptops
829,Notebooks
830,Amplifiers
831,iPad Keyboards
832,Computer & Tablet Accessories
833,iPad Accessories
834,Technology & Services
835,Solar & Wind Power
836,Generators & Portable Power
837,Solar Chargers
838,Patio
839,Lawn & Garden
840,Solar Panels
841,Solar Portable Power
842,Soundbar Speakers
843,360 Degree Cameras
844,Body Mounted Cameras
845,Shop Cameras by Brand
846,Smartphone Add-On Cameras
847,Samsung Cameras
848,Video
849,Unlocked Cell Phones
850,See more Samsung Gear 360 Camcorder -  White
851,Sports & Action Video Cameras
852,Mobile Photo Video Accessories
853,Sennheiser Headphones
854,Audio / Video
855,Gaming & Wearables
856,Earphones
857,In-Ear Headphones
858,mobiles
859,Shop Headphones by Brand
860,Headphones & Headsets
861,Digital Cameras Lenses
862,Other Electronics
863,Digital Cine Cameras
864,Lenses zrvzcfdefdtafswscwwz
865,Professional Video
866,Mirrorless Camera Lenses
867,DSL Modems
868,Modem Router Combos
869,Used:Computers Accessories
870,Modem-Router Combos
871,See more Actiontec GT784WN 300 Mbps 4-Port 10/100 Wirel...
872,Modems
873,Used:Computer Hardware
874,Used:Network Cards Adapters
875,iMac
876,All-in-Ones
877,Keyboard Cases
878,Other Car Electronics Accs
879,Portable Satellite Radios
880,Single Din Car Stereos
881,MP3 & MP4 Players
882,iPod & MP3 Players
883,iPods Media Players
884,iPod and MP3 Players
885,iPods
886,iPod touch
887,Apple iPods
888,iPod Touch
889,See more Logitech Harmony Home Hub Remote Control Adapt...
890,All PC Microphones
891,DJ Equipment
892,DJ & Monitoring Headphones
893,On Camera Lights
894,On-Camera Video Lights
895,Lighting
896,LED Lighting
897,Flashes
898,Lighting & Studio
899,On Camera Lighting
900,Car Audio Installation Kits
901,Car Speaker & Subwoofer Enclosures
902,Car Speaker Accessories
903,Subwoofer Boxes and Enclosures
904,Subwoofer Enclosures
905,Portable Stereos
906,See more Aiwa Exos-9 Portable Bluetooth Speaker Fast Sh...
907,iPad Kits & Accessories
908,Chargers & Adapters
909,Clothing
910,Handbags
911,Bags & Accessories
912,Outdoor TVs
913,All Flat-Screen TVs
914,Hi-Res Home Theater Receivers
915,High-Resolution Audio
916,In-Wall Speaker Accessories
917,2-in-1 Laptops
918,2 in 1 Laptops
919,Laptop Add-On Cards
920,Laptop Network Cards
921,Computers & Laptops
922,Keyboard & Mice Accessories
923,Mouse & Wrist Pads
924,Gaming Mice & Mice Pads
925,Monitor Accessories
926,Earbuds
927,Under Armour
928,CD & Media Storage
929,Studio Environment
930,Furniture Racks
931,Musical Instruments
932,Studio Recording Equipment
933,Shelves
934,Recording Equipment
935,Rack Accessories
936,Recording Furniture & Stands
937,Outdoor TV Covers
938,Stands & Mounts
939,Built-in Speakers
940,Computer Monitors uyzxswry
941,Used:Computer Monitors Accessories
942,Used:Computer Monitors
943,Smart Home Safety and Security
944,Surveillance Cameras & Video Recorders
945,Home Safety and Security
946,Smart Home Security and Surveillance
947,Network Attached Storage Drives yrvqqcvayqftceubtyruyuavwsus
948,Network Attached Storage (NAS
949,Workgroup NAS Servers
950,Network Attached Storage Drives rwtaqbstbwzzteq
951,Network Attached Storage Drives xrzwzdaycetcccwzdxyrbvbdyeefvsrc
952,Networked Attached Storage (NAS)
953,Network Attached Storage (NAS)
954,NAS Servers
955,Network Attached Storage Drives
956,NAS/Personal Cloud Storage
957,Accessory Kits
958,Tripods Support
959,Tripods with Heads
960,Tripods & Monopods
961,Tripods
962,Carrying Cases
963,Carrying Cases axfcytwyxvswaf
964,Briefcase Shoulder Bags
965,Carrying Cases cbvvbfzac
966,Electronics Certified Refurbished
967,Tvs & Home Theater
968,TVs - Certified Refurbished
969,Tvs
970,Other Camcorder Accessories
971,Skins
972,Skeletons Frames
973,Professional Video Accessories
974,Action Cameras Accessories
975,Other GoPro Accessories
976,GoPro Camera Accessories
977,Action Cam Accessories
978,GoPro
979,Stereo Receivers
980,Mirrorless System Lenses ebczxycadtybtuuraqzbzvaxdfcvsuzscetvxr
981,See more Sigma DG 35-35mm F/1.4 Lens For Canon
982,Film SLR Lenses
983,Floor-Standing Speakers
984,Floor-Standing Speakers vvtxtswwzcywufetbrwvxy
985,Internal TV Tuner & Capture Cards
986,Digital TV Tuners & Converters
987,Headphones tbbdsbrwdwubyyzayufatvsfbbwz
988,Used:Home Theater Systems
989,Used:A/V Receivers
990,Portable Computer Accessories
991,Laptop Bags & Cases
992,MacBook and Notebook Cover Cases exxestuevqvvserwac
993,Sleeves
994,MacBook and Notebook Cover Cases
995,MacBook Accessories
996,MacBook and Notebook Cover Cases wffrzrubvczvcexrsraaeqwtyftztftqdqzsbc
997,Apple
998,MacBook and Notebook Cover Cases dtcfasvwuxuwccuercftezcrdurveuvcs
999,MacBook and Notebook Cover Cases txssuebqxu
1000,Stereo Component Combos
1001,Home Theater in a Box
1002,Home Theater in a Box rxxbwxxcscxuvutetd
1003,Stereo System Components
1004,Receivers wdaebvzucdyaaftsaqwqecu
1005,Replacement Faceplates
1006,See more Kenwood KDCBT365 CD Receiver with AM FM Tuner ...
1007,Car Stereo
1008,In-Dash Navigation
1009,Car Navigation
1010,In-Dash with GPS
1011,Video In-Dash Units w/GPS
1012,Floorstanding Speakers
1013,Fans CPU Coolers rxvsqzbcdsxrafbuqffzs
1014,Fans CPU Coolers wdbuxuvzsdbsaa
1015,Fans CPU Coolers csqqvbectsuxesruz
1016,Fans & Cooling
1017,Fans CPU Coolers srffdauezsxzcwbfycwvwuxsdduxdvxwvdezw
1018,Fans CPU Coolers
1019,Fans CPU Coolers xwycbdtrcwywtcuyvacazbryeftcxscza
1020,Fans
1021,Heatsinks & Cooling
1022,Case Fans
1023,Desktop Components
1024,Computer Hardware
1025,Used:Computer Memory
1026,Other Drives
1027,Storage & Media
1028,See more Samsung 960 PRO NVMe M.2 512GB Internal SSD
1029,Power Amplifiers
1030,Computer Cases
1031,Desktop Computer Cases
1032,Powered Subwoofers
1033,Enclosed Subwoofer Systems
1034,Micro SD Cards
1035,SD & SDHC Cards
1036,See more Samsung (MB-MC256DA/AM) MicroSDXC EVO Memory ...
1037,Micro SDHC
1038,USB-to-VGA Adapters
1039,USB Adapters
1040,Monitor Cables/Adapters
1041,USB Adapters uuuxvuqdvtfx
1042,Tablet Chargers & Sync Cables
1043,Chargers & Sync Cables
1044,See more Apple Lightning to VGA Adapter for iPad iPhone...
1045,Audio/Video Cable Products
1046,A/V Cables & Adapters
1047,Tablet & eBook Reader Accs
1048,Computer Cable Adapters
1049,iPhone Accessories
1050,See more Original Genuine Apple Lightning to VGA Adapte...
1051,Recievers
1052,See more Yamaha R-S202 Natural Sound Bluetooth 100-Watt...
1053,Car DVD and Video
1054,Overhead DVD Players
1055,Overhead Video
1056,See more Sony STR DN860 7.2 Channel 165 Watt Receiver
1057,Audio/Stereo Equipment
1058,Audio Receivers/CD Cassette Players
1059,Dashcams yexzywbdwfcwvezrcxur
1060,On-Dash Video
1061,Dashcams
1062,Back-Up & Dash Cameras
1063,Dashcams ywwwdubutyzyfqwzextu
1064,Vehicle Cameras GPS Tracking
1065,Dash Cameras vcdfxwyxxudrfaxvzcbvxwvbctvrytvfzad
1066,Dash Cameras
1067,Turntables & Accessories
1068,See more Pyle PP-999 Pre-Amp/Processor Amplifier
1069,Pretend Play & Dress Up
1070,Satellite TV Equipment
1071,CD Players & Turntables
1072,Mixers
1073,Kids Instruments
1074,Amplifiers & Preamps
1075,Phono Preamplifiers
1076,Turntables Accessories
1077,Toys
1078,Turntables Players
1079,Satellite Television
1080,No-Contract Phones & Plans
1081,Carrier Cell Phones
1082,Prepaid Phones
1083,Unlocked Phones
1084,Cell Phones & Smartphones
1085,Prepaid & No-Contract Phones
1086,Shop all No-Contract Phones
1087,All Prepaid Phones
1088,4K Sony TVs
1089,OLED TVs
1090,Sony Smart TVs
1091,Holsters & Clips
1092,Flip Cases
1093,Cell Phone Cases
1094,Cell Phone Cases Covers
1095,Cell Phone Cases xfayeeuudrd
1096,Computer Peripherals xvdbctbtactd
1097,Computer Speakers xczcyxfu
1098,Computer Speakers vqdfzcrwbaewbvfvxzfsfdbfwfaeyscvb
1099,See more SteelSeries Arctis 7 Wireless DTS 7.1 Headset ...
1100,Accessories for Nintendo
1101,PC
1102,Xbox and PlayStation Systems
1103,See more SteelSeries Arctis 7 Lag- Wireless Gaming Head...
1104,Stylus Pens
1105,Mice Pointing devices cwfsbfcxudarvcff
1106,Stylus
1107,Tablet Stylus Pens
1108,Digital Pens
1109,Styluses
1110,Remote Controls & Accessories
1111,Projector Lamps
1112,Video Projectors & Accessories
1113,Video Projector Accessories
1114,See more Viper 7153V 1-way 5-button Supercode Replaceme...
1115,See more Viper 1 Way Supercode Remote Replacement Trans...
1116,Car Safety & Car Security
1117,Lamps
1118,Replacement Remotes
1119,Anti-Theft Devices
1120,Office Products
1121,Remote Transmitters
1122,Projector Accessories
1123,Car Security & Remote Starters
1124,See more Viper 7153V Replacement 5-button Transmitter
1125,Alarms & Security
1126,Car Alarms & Security
1127,automotive
1128,Projector Mounts Accessories ydvebaxszzqrvayzu
1129,Mounts
1130,Used:Multimedia Projector Accessories
1131,Printer Accessories
1132,Printer Ink & Toner
1133,Wireless & Multiroom Components
1134,Robot Check
1135,portable audio & accessories
1136,Bluetooth Transmitters
1137,iPod and MP3 Accessories
1138,Memory Card Readers
1139,Memory Card Readers & Adapters
1140,See more Leef iAccess IOS Micro SD RDR LIACMWK000E1
1141,Portable Digital Storage for Cell Phones
1142,Memory Card Accessories
1143,Computer Keyboards
1144,Wired & USB Keyboards
1145,Keyboards & Keypads
1146,Gaming Keyboards
1147,Gaming Laptops
1148,Computer Memory
1149,Audio In-Dash Units
1150,Car Audio In-Dash Units
1151,Blueooth Car Stereos
1152,MacBook
1153,MacBooks
1154,LG TVs
1155,External Drives dcbzsfbefybdfavaxwrwxqys
1156,Virtual Reality for PC
1157,VR-Ready GPUs/Video Graphics Cards
1158,Virtual Reality-Ready Components for PC
1159,Racks
1160,Mounts & Accessories
1161,TV Sound Systems yytusrxxusszazawxruwdtbeucyzda
1162,Loaded Enclosures
1163,Integrated Amplifiers
1164,Car Amplifiers
1165,External TV Tuners
1166,Antennas & Tuners
1167,TV Tuner & Video Capture
1168,Video Capture & TV Tuner Cards
1169,HD Television Tuners
1170,TV Tuners
1171,Home Audio & Video
1172,TV Antennas
1173,Speaker Separates rcefscbxezbxtvfzvfrvuxeubcywszzfasvz
1174,No-Contract Cell Phones
1175,Voice Recorders
1176,Mastering Recorders
1177,Portable Recorders
1178,Recorders Duplicators
1179,Digital Voice Recorders
1180,Audio Recorders
1181,Minidisc Recorders
1182,Audio for Video
1183,Portable Digital Recorders
1184,Recording
1185,Musical
1186,Duplicators
1187,Recorders
1188,See more VXI BlueParrott B450-xt Noise Cancelling Bluet...
1189,Bluetooth Headsets szzbrusxstedwdyebx
1190,More Mobile Accessories
1191,Streaming Media Player Accessories
1192,Media Player Recorder Accessories
1193,NVIDIA SHIELD
1194,Streaming Devices
1195,Retro Gaming & Microconsoles
1196,External Drives adrrryytsauvvzcbyacwz
1197,Kitchen & Dining Features
1198,Speaker Stands & Mounts
1199,Stands
1200,Speaker Stands
1201,Asus Laptops
1202,Asus
1203,Monitor Display Accessories
1204,Computer Display Cables Adapters
1205,Computer Monitor Adapters
1206,Computer Monitor Adapters yarvwwadcbyfaurwezec
1207,Computer Monitor Adapters etauxszrwcxuwyxrvvsffretcztaeqzadufr
1208,Specialty Audio Accessories
1209,See more Onkyo SKW-204 Powered Subwoofer
1210,PC gaming accessories
1211,Headsets & Earpieces
1212,Radio Communication
1213,Used:Digital Photography
1214,Interchangeable Lens Cameras
1215,Mirrorless System Cameras bubcccruayaywadxvuuf
1216,Used:Mirrorless System Cameras
1217,Mirrorless System Cameras xeeasdybvsfvcywdzy
1218,See more Sennheiser HD 558 Headband Headphones - Black
1219,Headphones/Earphones Accessories
1220,System Memory (RAM)
1221,Doorbells
1222,Smart Door Bells
1223,Surveillance Security Systems
1224,Wireless Doorbell Cameras
1225,Hardware
1226,Home Surveillance
1227,Sensors & Motion Detectors
1228,Wired
1229,Doors & Door Hardware
1230,Building & Hardware
1231,Security Cameras and Security Camera Systems
1232,Smart Home Access
1233,Door Viewers
1234,Door Hardware & Locks
1235,Sony Headphones
1236,Used:Internal Drives
1237,Used:Drives Storage
1238,Radar Detectors
1239,Vehicle Electronics Accessories
1240,Radar & Laser Detectors
1241,Team Sports
1242,Baseball
1243,Baseball Field Equipment & Maintenance
1244,See more AOC E1659FWU 16\\ LED LCD Monitor
1245,DVRs
1246,Hard Drive Recorders
1247,See more TiVo Bolt 4k UHD Unified Entertainment System ...
1248,Shotgun Microphones
1249,Condenser Microphones
1250,Wired Microphones
1251,Location Sound
1252,Microphones
1253,Seasonal
1254,Action Cams
1255,VR 360 Video
1256,Father's Day
1257,All 360 Video Cameras
1258,Action Camcorders
1259,Used:Aerial Imaging Action Cams
1260,Used:Action Cams
1261,Father's Day Electronics
1262,Featured Brands
1263,College Speakers
1264,Wireless & Bluetooth Speakers
1265,Audio Docks & Speakers
1266,College Electronics
1267,Sound Systems
1268,Target Finds
1269,Back To College
1270,Battery Cases
1271,Portable Audio & Electronics
1272,Electric Screens (Wide Formats) ufqbfwta
1273,Screens
1274,Electric Screens (Wide Formats) dusrsqqdtddevtxfaxsqbcdbucserurxzcfzu
1275,Presentation
1276,A/V & Projectors
1277,Electric Screens (Wide Formats) fqezzsxafwy
1278,See more Samsung 960 EVO SSD PCIe NVMe M.2 250GB
1279,Docking Stations & Locks
1280,Other Computers & Networking
1281,iPhones
1282,All Cell Phones with Plans
1283,iPhone SE
1284,Shop Phones by Operating System
1285,Android
1286,Portable DVD Players & Accessories
1287,Microphones & Accessories
1288,Microphones & Headphones
1289,Musical Instruments & Karaoke
1290,Wireless Microphones
1291,Microphones & Live Sound
1292,Handheld Wireless Microphones
1293,Live Sound
1294,Wireless Microphones yafezqvsfqarsqxrcqfsyq
1295,Wireless Systems
1296,Wireless and Bluetooth Headphones
1297,Camera Flashes
1298,DSLR Flashes
1299,On Camera Flashes dxvaycaabr
1300,Flashes & Accessories
1301,Flashes On Camera Lighting
1302,On Camera Flashes
1303,Jensen
1304,CD Changers & Turntables
1305,Turntables
1306,Speakers & Audio Systems
1307,All-in-One Turntables
1308,Wireless Routers dbvdtvuydreuasvayvtaaaxsr
1309,NETGEAR
1310,Wireless Routers ufqbfwta
1311,Wireless Routers uqdrfxruuvwrtfvraryubbwv
1312,See more Netgear R9000 7200 Mbps 7-Port 10/100 Wireless...
1313,Networking rrcsvtuqdaurzwax
1314,Home Theater Projectors ducedafwcusetvzfaabv
1315,Epson PowerLite 740
1316,Mobile Power Packs
1317,Mobile Power uxddsfxreyyc
1318,Used:Mobile
1319,All Unlocked Cell Phones
1320,Used:Cell Phones
1321,Sony HT-XT2
1322,Used:Computer Peripherals
1323,Used:Mice Keyboards
1324,Yamaha Receivers
1325,Yamaha
1326,Stereo Accessories
1327,Composite Video Cables
1328,Compact Stereos
1329,Desktop Computer Cases rvzbsxezfazu
1330,Cases & Towers
1331,Computer Cases & Accessories
1332,Computer Cases xtevftetxdevatxwysyrfw
1333,Monitor Table Top Stand Mounts zfeytsbdcteyyedtvbuw
1334,Monitor & Screen Accessories
1335,Monitor Table Top Stand Mounts
1336,Monitor Mounts & Stands
1337,Monitor Mounts Stands zcawxqxyctzvvrvu
1338,Speicherkarten
1339,Zubehör
1340,Secure Digital (SDXC)
1341,SecureDigital-Cards
1342,Apple MacBook Pro
1343,Notebook Computers
1344,Mac Laptops
1345,MacBook Pro
1346,Apple Laptops
1347,TV Headphones
1348,Camera Batteries Chargers
1349,See more Canon LP-E6N Rechargeable Lithium-Ion Battery ...
1350,Video Accessories
1351,Camera Batteries
1352,Batteries Power Accessories
1353,See more Zmodo Mini 720p HD IP Wi-Fi Network Camera wit...
1354,See more Zmodo Mini IPC WiFi 720p Camera With 2-way Aud...
1355,Home Security & Video Surveillance
1356,Wired Security Cameras
1357,Cases & Bags
1358,iPad/Tablet/eBook Accessories
1359,Covers
1360,Keyboards Accessories uyfytxvdzbxuterwcsstdayxtwubrfzscursyt
1361,Keyboards Accessories cacfwzcvuryefwstesyzywrcyusbayfr
1362,See more Sony Cyber-shot WX220 18.2 MP Digital Camera -...
1363,Sony Cameras
1364,Point Shoot Cameras rzbezzsqsxqectqfxxzsfwfyasufbzv
1365,camera
1366,Wireless Multi-Room Speakers xduyydqczswc
1367,SIRIUS XM Satellite Radio Accessories
1368,Home Satellite Radios
1369,Desktop Computer Cases btwcttecfvyb
1370,Desktop Computer Cases ezsdxyabe
1371,Computer Cases rvzbsxezfazu
1372,Power Amps
1373,Multichannel Amplifiers
1374,Installation Sound
1375,Tuners A/V Receivers
1376,Audio Sources
1377,Optics Straps
1378,Binocular
1379,Camera & Camcorder Straps
1380,Extension Cords
1381,Adapters
1382,Cables & Chargers
1383,iPad/iPod Accessories
1384,MP3 Players Recorders
1385,MP3 Players Accessories
1386,QLED TVs
1387,4K Samsung TVs
1388,Used:Televisions Accessories
1389,Used:Flat Panel Televisions
1390,VIZIO P55-C1
1391,NAS / Personal Cloud Storage
1392,Other Hard Drives
1393,Speaker Separates tdrbbzebscxdcufzwattw
1394,See more Samsung Un65mu9000 65 Inch UHD 4k Smart TV and...
1395,Non-Touch-Screen All-in-One Computers
1396,HP Desktop Computers
1397,Projector Mounts efrzfauzcdteryffuqcbtwtzstbwytexb
1398,Projector Mounts ycrbqrrrsdcfuv
1399,Monitors Projectors
1400,Projector Mounts & Stands
1401,Projector Remotes & Accessories
1402,Projector Mounts Accessories fadsqtwrfa
1403,Car Equalizers & Processors
1404,EQ
1405,Crossovers & Processors
1406,CPU Processors
1407,Processors Only
1408,All Car Amplifiers
1409,Signal Processors
1410,Multi-Channel Amps
1411,Computer Speakers & Headsets
1412,Graphics Tablets
1413,Graphic Tablets Digital Pens
1414,Graphics Tablets & Digital Pens
1415,See more Razer Mano'war Wireless 7.1 Surround Sound Gam...
1416,Network Attached Storage Drives etryvwsrbvvvvxfutbey
1417,See more Corsair Void Pro Wireless Carbon Headband Head...
1418,Smart Watches
1419,See more Samsung Gear Fit2 Pro (Large) Black Aluminum C...
1420,Activity Trackers
1421,Smartwatches
1422,Water Cooling Systems
1423,Processors (CPU)
1424,Fan
1425,Heat Sink Brackets & Accs
1426,Heat Sinks & Cooling
1427,CPU Fans & Heat Sinks
1428,Water Cooling
1429,See more Corsair Hydro Series H100i Extreme Performance...
1430,Projection TV Lamps
1431,All TV Accessories
1432,Memory Cards xctasbtfavbexdfzfvzztebrcuxffa
1433,Computer Cables Adapters
1434,Computer Cables
1435,Ethernet Cables
1436,Electronics Fan Shop
1437,Keyboards and Mice
1438,Mice Pointing devices xcbsztzedbfwuy
1439,See more Razer Naga Chroma Gaming Mouse with 12 Button ...
1440,See more Razer Naga Chroma Professional Grade Ergonomic...
1441,Gaming Mice
1442,Sports Fan Shop
1443,GPS Units
1444,Navigation
1445,Car GPS
1446,See more Garmin dēzl 770LMTHD GPS Receiver
1447,Field Accessories
1448,Trucking GPS
1449,Optics
1450,Navigation xwedbzbsfrbfazxzazcwxtdfsf
1451,See more Garmin dzl 770LMTHD GPS Receiver
1452,5.25\\ Car Speakers
1453,Interior
1454,Interior Door Panels & Parts
1455,Car & Truck Parts
1456,See more Pioneer TSG1345R 5.25-Inch 2-Way 250W Car Spea...
1457,Headphone & In-Ear Audio Monitors
1458,#13540 in
1459,#413 in
1460,#503 in
1461,Studio Speaker Stands
1462,4\\ Car Speakers
1463,Multimedia Projectors
1464,Audio Visual Presentation ubdtfdye
1465,Tripod & Monopod Accessories
1466,Tabletop Mini Tripods tbbbweszcuruwfdtfq
1467,Tabletop Mini Tripods
1468,Tripods & Supports
1469,Tablet Computer Cases yzyvvfbvwrrsyufvyxcxfte
1470,MacBook and Notebook Cover Cases zcbtreqesxytuyxtxdb
1471,MacBook and Notebook Cover Cases sefcaszxexrzxarewt
1472,Used:Computer Accessories
1473,Used:Computer Cases
1474,Tablet Cases Covers
1475,Other Components & Parts
1476,Internal Modems
1477,Modems & Gateways
1478,See more ARRIS Surfboard SVG2482AC DOCSIS 3.0 Cable Mod...
1479,Sony TVs
1480,In-Mirror Video
1481,Back-Up Cameras
1482,Car Audio Accessories
1483,Power Outlets
1484,Wireless Range Extenders
1485,Works with Google Assistant
1486,Wall Switches
1487,Network Hubs & Routers - Works with Google Assistant
1488,Smart Home Assistants & Voice Control
1489,Light Switches
1490,Internal Desktop Hard Drives
1491,Portable Radios
1492,Internet Radios
1493,CD
1494,DVD & Blu-ray Drives
1495,External DVD Drives
1496,Headphones rydyqsaxrbrdyuquyetsrydxefvucsr
1497,Sony HT-ST9
1498,See more Logitech G403 Wireless Gaming Mouse Certified ...
1499,Telephone Accessories
1500,Trackballs
1501,See more Alpine KTP-445U Car Amp
1502,Mini Amps
1503,Laptops cfzzzzqqfrrrdrtssr
1504,See more TiVo Mini Receiver
1505,DVR & DVD Recorders
1506,Digital Video Recorders
1507,#15691 in
1508,#917 in
1509,#1548 in
1510,Mobile Workstations
1511,Battery Grips
1512,Household Supplies & Cleaning
1513,Other Home Cleaning Supplies
1514,electronics
1515,Drives Storage wcxaeeveystbtzftbafuee
1516,Internal Drives dabsvsrxcutf
1517,Used:Recorders Players
1518,All iPod & MP3 Players
1519,A/V Switchers
1520,Decor
1521,Other Portable Audio
1522,Furniture & Decor
1523,Nest Compatible Devices
1524,Clocks
1525,Fitted Camera Bags & Cases
1526,Photo & Video
1527,Camcorder Cases
1528,Dashcams vayzdratvqxvvrrbey
1529,Dash Cams
1530,Modems zcbcwebyrcwxwrff
1531,Used:Camcorders Cameras
1532,Consumer Camcorders
1533,All Action Camcorders
1534,Used:Consumer Camcorders
1535,See more Sharp XLHF102B Hi Fi Component Microsystem Wit...
1536,See more Wacom Wireless Accessory Kit for Bamboo and In...
1537,Tablet Cases & Sleeves
1538,Other Keyboards & Mice
1539,Tablets Handwriting Accessories
1540,Graphic Tablets
1541,Desktop Computer Cases auzcweqzzceaebdx
1542,Desktop Computer Cases fcqcczbsvuayatfcdcrewxbwerrfa
1543,Desktop Computer Cases xwycbdtrcwywtcuyvacazbryeftcxscza
1544,Computer Cases xrawfrudeyyvfavzra
1545,Ergonomic Mice
1546,Electric Screens (Wide Formats) uwbtftfwubccwsxattfswxaz
1547,Projection Screens baesfadqwexxbctqsw
1548,3D Glasses & Accessories
1549,3D TV Glasses & Accessories
1550,See more Xpand 3D Glasses Rechargeable Active Bluetooth...
1551,3D Glasses
1552,Wall Chargers & Power Adapters
1553,Wall Chargers
1554,Cell/Smart Phones Accessories
1555,Cell/Smart Phone Accessories
1556,Wall Chargers uaedvcevatubu
1557,Cell/Smart Phone Chargers
1558,Wall Chargers fcxxdxcqvyfwsq
1559,Cables & Adapters
1560,Chargers
1561,Power Cables & Connectors
1562,Mobile Power zxqyvbwuwyydcq
1563,Wireless Multi-Room Speakers uydqdrbtfsxwzyzstyrbybcquvddxuzz
1564,Signal Components
1565,Semiconductor Products
1566,Digital-to-Analog Converters
1567,Headphone Accessories
1568,Audio Interfaces Systems
1569,Signal Converters
1570,Computer Audio
1571,Industrial & Scientific
1572,Computer Audio Hardware
1573,Computer Audio Hardware vsweqvez
1574,Other Home Stereo Components
1575,Industrial Electrical
1576,Hi-Res Digital Audio Converters (DACs)
1577,Travel Accessories
1578,Luggage
1579,Travel Adapters Transformers
1580,Best Buy
1581,Game Capture Devices
1582,Baby Monitors
1583,See more Samsung SmartCam HD Pro 1080p Full HD WiFi Cam...
1584,Baby
1585,Security Camera Systems
1586,Baby Safety & Health
1587,Surveillance Cameras
1588,Point Shoot Cameras suybxafwtcyzbfsf
1589,Body Only
1590,Waterproof Cameras
1591,DSLR
1592,Receivers edzdabetxucuvafzavxqrcubdwftewac
1593,Computer Speakers ezsdxyabe
1594,Bose Companion 20
1595,Computer Speakers rwxsssxfyzcydcffxxvzrxt
1596,Computer Speakers yuqzcyeerrs
1597,Memory Storage
1598,Studio Monitoring
1599,Studio Monitors
1600,Studio Monitoring dcxbxvbewxedvwzwqbfwysebtxtya
1601,beauty
1602,Blank Video Media
1603,Hi-8
1604,See more Sony 120 Video Hi8 HMP 60 Digital 8 Tape
1605,Wireless Multi-Room Components rxrddsauzswueesqzyxzuxawezzxsu
1606,Audio/Video Transmitters
1607,Wireless Multi-Room Components
1608,Action Camcorder Mounts
1609,Exterior Accessories
1610,Video Camera Components
1611,Jeep Accessories
1612,Action Cam Mounts
1613,Action Camcorder Accessories
1614,Handlebar / Pole Mounts
1615,Car Mounts
1616,Mounting Kits
1617,Data Storage & Media
1618,Sports Action Cameras
1619,Accessory Bundles
1620,See more Joby GorillaPod SLR-Zoom Tripod
1621,Tripods xeeasdybvsfvcywdzy
1622,Tripod Legs
1623,See more Bose SoundLink Color Portable Bluetooth Speake...
1624,Headphones urvqcddttbdswqbzzfvrxfzqdqawavawss
1625,Ethernet Hubs & Switches
1626,Bridges Hubs zdztuauwxcwwrb
1627,Bridges Hubs vdrzccaxxyuewu
1628,See more TP-LINK TP-Link (TL-SG108) External Switch
1629,Bridges Hubs cudfuabrrauaxwfcfaxwsdcbcubvrfyu
1630,Bridges Hubs adqydrvaeqbzrzdfxqdbcebazwdbyuvffx
1631,Over-the-Ear Headphones
1632,8\\ Subwoofer
1633,8\\ Car Subwoofer
1634,Dual-channel Amplifiers
1635,Specialty Boutique
1636,Notebook Power Batteries
1637,Laptop Power Adapters/Chargers
1638,Notebook Power
1639,Used:Power Back Up Surge Protection
1640,Bluetooth
1641,Handsfree Car Kits
1642,Automotive Tools & Equipment
1643,Automotive Electrical
1644,Adaptors
1645,See more iSimple ISFM2351 Tranzit Blu HF Audio Interfac...
1646,Car Audio & Video Installation
1647,Interconnect Cables
1648,PC Games Accessories
1649,Gaming Systems
1650,PC Headsets & Glasses
1651,Fixed Frame Screens edzdabetxucuvafzavxqrcubdwftewac
1652,Fixed Frame Screens rcrbftadsasbvtdtaddybarcyxyr
1653,DJ & Live Sound
1654,Recorders Duplicators yqddtadfytvzuxarzyzcff
1655,Portable Digital Recorders brzruydyvbwxtuebtrsbqctbwuyrxaabty
1656,musical
1657,TCL Smart TVs
1658,4K TCL TVs
1659,4\\ x 6\\ Car Speakers
1660,Refurbished Headphones
1661,Wired Analog HD Cameras
1662,TV Stands & Entertainment Centers
1663,Audio & Media Towers
1664,Living Room Furniture
1665,TV & Media Furniture
1666,Speaker Mounts & Stands
1667,sports
1668,Camera Mounts & Clamps
1669,Camping & Hiking
1670,Camera Chest Supports
1671,Utility Belts Harnesses
1672,NAS Servers cudfuabrrauaxwfcfaxwsdcbcubvrfyu
1673,Network Attached Storage Drives yqsuetbftutbfwwawqut
1674,iPods & MP3 Players
1675,MP3 Players
1676,iPods Media Players bzbrzvvebsvabffextaewd
1677,All MP3 Players
1678,See more Panasonic LUMIX 25mm f/1.4 D ED Lens
1679,DSLRs Lenses
1680,Bluetooth Devices
1681,Bluetooth Car Kits
1682,Analog-to-Digital (DTV) Converters
1683,Indoor Security Cameras
1684,Computer Monitors dcbzsfbefybdfavaxwrwxqys
1685,See more Bose SoundTrue II Charcoal Black
1686,Live Sound Speakers
1687,Speaker Monitors
1688,electrical
1689,Power Supplies txszcaxfarsxcydtbwvrwbswuzceduxa
1690,Power Supplies svcbszvvcdxz
1691,Power Supplies ztebqeqttusfyvyzdw
1692,No-Contract Phones
1693,All No-Contract Phones
1694,Optical Drives Burners
1695,Optical Media Drives Accessories wxbxabwayzuudwuxrdrayzvfqyyww
1696,Drives Storage dxdctycdwvydaqrvdswsxafdyysevb
1697,Optical Drives Burners tctwqddwzeuxadazqsvr
1698,Optical Media Drives Accessories
1699,Optical Drives Burners yyzecszdtttczusr
1700,12\\ Car Subwoofer
1701,Marine Subwoofers
1702,Cover Shell Cases
1703,Tablet PCs
1704,Google Chromebook
1705,See more Acer 15.6\\ Cb5-571-c4g4 Chromebook Intel Celer...
1706,Storage
1707,Drives & Storage
1708,Computers & Office
1709,Computer & Office Accessories
1710,See more NETGEAR Powerline 1000 Mbps WiFi 802.11ac 1 Gi...
1711,Powerline Adapters
1712,Keyboard & Mouse Bundles
1713,See more Genuine Logitech MX Anywhere 2s Wireless Mobil...
1714,See more SONY BDV-E3100 5.1Ch Home Theater System
1715,See more Sony BDV-E3100 5.1 Channel Home Theater System
1716,Sony BDV-E3100
1717,Mono Amplifiers
1718,Mono Subwoofer Amps
1719,Mobile Bluetooth Speakers sduvbayvsaybwywwxet
1720,See more Pioneer Sc-lx501 Elite 7.2 Channel D3 Network ...
1721,UNNAV
1722,Connectors & Adapters
1723,Cooling Pads & Lights
1724,Case Parts & Accessories
1725,Computer Lighting
1726,Lighting & Light Fixtures
1727,Novelty Lighting
1728,Desktop Components fxuusxqfaabucfbsfufaatqxqwzfbcuzt
1729,Digital Camera Batteries
1730,Digital Cameras Accessories
1731,Kamera-Akkus
1732,Camera Batteries Chargers rqzxubecdbedruwxfcesrdrvaazvc
1733,Smart Electronics
1734,Bluetooth Speakers
1735,On Camera Flashes fvuzesyzercyaefsc
1736,Flash Accessories
1737,In-Ear Monitoring
1738,DVD & Blu-ray Duplicators
1739,CD/DVD Duplicators
1740,Amplifiers & Equalizers
1741,Used:Laptops
1742,Mac Desktops
1743,All Desktop Computers
1744,Apple Desktops & All-In-Ones
1745,Wired Networking uaausubbcbsxutvdfsewwefcqcv
1746,See more Lowepro SF Slim Lens Pouch 75 AW #LP36258
1747,Lens Accessories
1748,Lens Cases
1749,Protective Gear
1750,In-Ear Monitoring ccxyasaywzvysadzucsecrs
1751,#55529 in
1752,#14498 in
1753,Blank Discs and Labels
1754,#28043 in
1755,Light Bulbs & Tubes
1756,Continuous Lighting
1757,Desktop Computer Cases safqadwuaub
1758,Amplifiers twxaesfvrbydttxbsrefbeewxvustuvrzxd
1759,Install Outdoor Speakers rxxbwxxcscxuvutetd
1760,Range Extenders
1761,See more Linksys Ac1900 WiFi Cable Modem Router CG7500
1762,5\\ x 7\\ Car Speakers
1763,See more TP-Link TL-WDN4800 (6935364050603) Pre-802.11n...
1764,Wireless Adapters Cards zfxzyvdvsfyqfwub
1765,Wireless Adapters Cards rrcsvtuqdaurzwax
1766,Wireless Adapters Cards dyxuquefvtyxxeewyrs
1767,Network Cards
1768,Stereo Receivers and Amplifiers
1769,See more Sony STRDN1070 7.2 Channel Hi-res Wi-Fi Networ...
1770,Sony STRDN1070
1771,Used:SLR Interchangeable Lenses
1772,Used:Lenses Lens Accessories
1773,Audio Docks
1774,Other iPod & Audio Player Accs
1775,Automotive Basics
1776,SiriusXM Accessories
1777,Speaker Docks
1778,Car Satellite Radio
1779,Bose
1780,See more Bose 7417760070 SoundSport in Ear Headphone Ch...
1781,Work Headphones
1782,Holiday Shop
1783,See more Bose SoundSport In-Ear Headphones for Samsung ...
1784,Household Batteries
1785,AA Batteries
1786,Electronic Components
1787,Batteries - Rechargeable
1788,Household Supplies
1789,4k Tv
1790,Bluetooth Headphones avecuevdaxstvbrwvwxesrse
1791,Tweeters
1792,JBL Headphones
1793,Wallet Cases
1794,See more Seagate Game Drive for Xbox One 4tb Green STEA...
1795,More Xbox One Accessories
1796,External Drives udrwcdyccddvvyvwefzwctrb
1797,See more Seagate Game Hard Drive for Xbox One 4tb Green...
1798,Hard Drives - External
1799,Used:Mirrorless System Lenses
1800,FM Transmitters
1801,Bluetooth & FM Transmitters
1802,Computers and Monitors
1803,Car Safety & Security
1804,Rear View Monitors/Cams & Kits
1805,See more Garmin BC 30 Wireless Backup Camera System Grm...
1806,See more Garmin BC 30 Wireless Backup Camera
1807,GPS Accessories & Tracking
1808,GPS Devices Accessories
1809,Other GPS Accs & Tracking
1810,Simulated Cameras
1811,Back-Up Cameras ywwwdubutyzyfqwzextu
1812,Used:Digital Camera Accessories
1813,camera & photo
1814,Used:Batteries Power Supplies
1815,Virtual Reality
1816,VR Headsets
1817,Virtual Reality Headsets
1818,Virtual Reality for Smartphone
1819,Virtual Reality Headsets for Smartphone
1820,Smartphone VR Headsets
1821,Gadgets & Other Electronics
1822,Video Glasses
1823,PC & Console VR Headsets
1824,Used:Cables Adapters
1825,USB Display Adapters uuuxvuqdvtfx
1826,Memory Card & USB Adapters
1827,USB Display Adapters
1828,USB Display Adapters wcdbrdveavaytews
1829,Optical Drives Burners zxsqvcbvvywsrwuaasvczufystyyy
1830,Optical Drives Burners dxdctycdwvydaqrvdswsxafdyysevb
1831,External Blu-ray Drives
1832,Used:External Drives
1833,Blu-ray Drives
1834,Mirrorless System Cameras tuytyeuqxwecucybabxevruuueyuw
1835,Point
1836,Shoot Cameras
1837,Used:Point Shoot Digital Cameras
1838,All Video Game Accessories
1839,See more Turtle Beach Ear Force Stealth 450 Wireless 7....
1840,Ways To Shop Video Games
1841,See more Turtle Beach Ear Force Stealth 450 Wireless He...
1842,Lens Filters
1843,Neutral Density Filters
1844,Neutral Density (Solid) zcfuszwabwdcsfrqcxefxcaadffrcfvq
1845,Neutral Density (Solid)
1846,Headphone Cables Adapters
1847,Headphone Splitters
1848,Mini Plug-in Microphones
1849,Flat Screen TVs
1850,See more Optoma Wireless HD142X Full 3D 1080p HDMI 3000...
1851,Wireless Audio Receivers & Adapters
1852,Wireless Stereo Adapters & Streaming Audio Players
1853,Holiday Gifts
1854,Internet & Media Streamers
1855,Featured Stores
1856,College Living
1857,Modem & Router Combos
1858,College Dorm Living
1859,See more Motorola 8x4 343 Mbps DOCSIS 3.0 N300 Cable Mo...
1860,See more SanDisk 8GB Clip Jam MP3 Player Black
1861,Kenwood Car Stereos
1862,Video In-Dash Units w/o GPS
1863,See more Kenwood DDX9703S Double 2 DIN Android iPhone H...
1864,Car Video Units W/out GPS/Nav
1865,Fixed Frame Screens dusrsqqdtddevtxfaxsqbcdbucserurxzcfzu
1866,Fixed Frame Screens uzsrcwweyedefsbvsdcvuvcreaeufq
1867,Fixed Frame Screens dxfeyyzyeyayx
1868,Projection Screens (by Type) ccvzfsucersyazsqzattyrywfuwaruxxsy
1869,Projection Screens fxyybzbtrcbsrztvff
1870,See more Fusion Electronics Ms-bx3020 4\\ Inch 2-way Mar...
1871,Boating
1872,Water Sports
1873,Free Shipping
1874,Smart Energy and Lighting
1875,Smart Lighting
1876,Light Bulbs
1877,Energy and Lighting
1878,Smart Light Bulbs
1879,Televisions & Video
1880,Amplifiers wdaebvzucdyaaftsaqwqecu
1881,Portable Battery Packs dzacqzexyxfwtybubrbtxubq
1882,Portable Battery Packs dfcdxxzwfqfqubfvwaac
1883,Bluetooth Headphones ufqbfwta
1884,Cover Shell Cases sfdrevbuyb
1885,Bags and Sleeves
1886,Cover Shell Cases xbwaxuvdxzexcbcvwxrbfusstdssbesuvc
1887,Tablet Computer Cases uaedvcevatubu
1888,Tablet Stands & Mounts
1889,GPUs / Video Graphics Cards
1890,Graphic Cards
1891,Home Audio and Video
1892,Samsung
1893,See more Sony XBR55X700D 55-Inch Black Ultra HD 4K LED ...
1894,CD Players & Recorders
1895,Boom Boxes & Cd Players
1896,See more Sharp 240w 5 Disc Mini Shelf System With Casse...
1897,Pioneer SP-SB23W
1898,See more Logitech G933 Limited Edition Black Headband H...
1899,Wireless Routers cacfwzcvuryefwstesyzywrcyusbayfr
1900,Wireless Access Points
1901,Home Audio Components abureufb
1902,See more Yamaha CD-C600 CD Changer
1903,Speaker Separates twxaesfvrbydttxbsrefbeewxvustuvrzxd
1904,Epson PowerLite Home Cinema 2045
1905,See more Microsoft Wireless Comfort Desktop 5050 Curved...
1906,Keyboard & Mouse Combos
1907,Mice Keyboard Kits
1908,LCD Televisions
1909,Bluetooth Headphones zetewdsexwtextcucrctewuwfy
1910,Magnolia Audio
1911,Magnolia Premium Audio
1912,Magnolia Home Theater
1913,Record Players/Home Turntables
1914,Tech Accessories
1915,Cases & Protectors
1916,Women's Accessories
1917,Covers & Skins
1918,All Tablets
1919,iPad Air 2
1920,Apple iPad
1921,360 Cameras
1922,Shop Cameras by Type
1923,TV Sound Systems zuxbbweveteztffywrybecztecqtezfbc
1924,PCI Express Graphics Cards
1925,See more Nvidia GeForce GTX 1080 Founders Edition 8GB G...
1926,Antennas & Dishes
1927,Antennas
1928,Keyboards syuduvzbtawzxvrbeexy
1929,Keyboards zsqstqcsbaqbsvexuadecqqyxarfv
1930,Keyboards urtvtefvdsrswwrcswbxfzvaauxzvcfafre
1931,Keyboards uyfytxvdzbxuterwcsstdayxtwubrfzscursyt
1932,Wireless Keyboards
1933,Computer Keyboards & Mice
1934,See more Kicker KB6000 Main / Stereo Speakers
1935,See more Alpine SPE-5000 2-Way 5.25\\ Car Speakers Syste...
1936,Projector Mounts bzwaasvbzdyqzbuyxsywsc
1937,Laptops adrdxyuxbezbcuqedez
1938,Laptops turcrqsqbwbevb
1939,Receivers Amplifiers cxfascewabraxzueus
1940,See more Sherwood RX-4208 200W AM/ FM Stereo Receiver
1941,See more Sherwood RX4208 200W AM/FM Stereo Receiver - B...
1942,Compact Flash
1943,CompactFlash Cards
1944,Memory Cards zqbcrtzrdtxxzcff
1945,Waterproof Cases
1946,Cell Phone Cases & Clips
1947,All DVD Players and Screens
1948,Modems sqedxbbdyxyzwwxfbtcvyascftbzyxtbwvtcuq
1949,Netgear CM700
1950,Networking sdxexcebrx
1951,ROG - Republic Of Gamers
1952,Monitors & Projectors
1953,Fixed TV Mounts
1954,Accessoires Image et Son
1955,Hearing Assistance
1956,Consommables et Accessoires
1957,Casques et écouteurs
1958,High-Tech
1959,Computer Display Cables Adapters zfeytsbdcteyyedtvbuw
1960,Used:Wearable Tech
1961,Digital Clocks & Clock Radios
1962,home
1963,Mobile Power wyzqeeudcufqyeywbrvbuazecycyfbbecbyc
1964,Premium Headphones
1965,Magnolia Headphones
1966,Magnolia Accessories
1967,Headphone Amplifiers
1968,Amps
1969,Headphone Amps
1970,iPads Tablets
1971,Tablets Tablet PCs
1972,iPad
1973,Media Furniture
1974,All Speakers
1975,Entertainment Centers
1976,Small Space Furniture
1977,Media Storage Furniture
1978,Storage Furniture
1979,Keyboards dqdezdwrcbztucaatawcyyexff
1980,Samsung Galaxy Tablets
1981,Keyboards rewdwwrwzvbzffvvsxdrdbq
1982,Galaxy Tablet Accessories
1983,See more Samsung Book Cover Keyboard Galaxy Tab S3
1984,Keyboards dtcfasvwuxuwccuercftezcrdurveuvcs
1985,Camera Camcorder Chargers
1986,Photographic Accessories
1987,Photography vdacuyvvyfarcxrrzwyvxs
1988,Power Protection
1989,Power Adapters
1990,Other Power Protection
1991,AC/DC External Power Adapters
1992,Power Supplies wdbtebuqwtfr
1993,Doorbells & Intercoms
1994,Door Bells
1995,Doorbell Buttons
1996,See more SkyBell SH02300BZ HD WiFi Video Doorbell Bronz...
1997,Connectors
1998,magnolia home theater
1999,Video Cables
2000,Power & Chargers
2001,HDMI Cables
2002,See more Logitech G230 Black/Red Headband Headsets for ...
2003,Sling Bags
2004,Refurbished Laptops
2005,Underwater Photography
2006,Still Cameras Housings
2007,Uninterruptible Power Supplies
2008,Power Supplies etcaweyxtdswvxswwuduvtcrrurqcwsawb
2009,Power Supplies zaxtfacxvbabwsurfdydezredyeyt
2010,Power Supplies rscxwvyffaxzcscruayxdfcavxustarwx
2011,Desktop Components zaxtfacxvbabwsurfdydezredyeyt
2012,Desktop Components etcaweyxtdswvxswwuduvtcrrurqcwsawb
2013,Power Distribution Units
2014,Bridges Hubs rqcbabvxteuwufwafzzbesyxfudqvdxbbcv
2015,Bridges Hubs dqavqrsfdfuavtzvsdufcxrxtwz
2016,Bridges Hubs efasytzryusvbfddbdrfzzedcurbtezx
2017,Sleeves wzxzuqbqtwcxbdsvcdcvuvscwazaxfr
2018,Sleeves sefcaszxexrzxarewt
2019,Sleeves zqwxdcuuaw
2020,Luggage Fan Shop
2021,Video Camcorders
2022,Personal Care
2023,Hair Care
2024,Binoculars & Monoculars
2025,Binoculars & Telescopes
2026,Conditioners
2027,See more Ricoh THETA S 14.0MP Digital Camera - Black
2028,Video Camcorders Accessories
2029,iHome
2030,Decorative Throws
2031,Portable CD Cassette Players
2032,See more Sony WH-1000XM2/N Wireless Noise-Canceling Hea...
2033,See more Kingston Hyperx Savage 480 Gb 2.5\\ Internal So...
2034,On Camera Flashes csqqvbectsuxesruz
2035,Used:Digital Flash Mounts
2036,Computer Peripherals adqydrvaeqbzrzdfxqdbcebazwdbyuvffx
2037,Keyboards xvdbctbtactd
2038,See more Sennheiser IE 80 In-Ear Only Headphones - Silv...
2039,Electronics Accessories
2040,Notebook Stands Mounts
2041,Adult Backpacks
2042,Men's Accessories
2043,Internal Drives facxudwddzxeexezsdsetbzafautedtdtxseu
2044,Internal Drives eyfytatefvcfdcdawdxd
2045,Wholesale Lots
2046,See more Lenovo 11.6\\ Touch Yoga 710 Intel DualCore 4gb...
2047,See more GTech 1 TB
2048,External
2049,7200 RPM (0G03040) Hard Dr...
2050,Drives Storage xcbsztzedbfwuy
2051,External Drives vzbeaquacadbfcctzxdz
2052,Wireless Multi-Room Speakers esxbeqdcbrqdddacdcdavy
2053,Action Cameras
2054,See more GoPro HERO 6 Action Camera - Black
2055,GoPro Cameras & Accessories
2056,Drones Aerial Imaging
2057,Aerial Imaging Platforms Drones
2058,Camcorders wqctvrrvbybxwsxf
2059,Camcorders xebzybxxraaabbydax
2060,Camcorders dyzzuezbyurvadvzxycvzerrvztrredf
2061,Computer Monitor Adapters cwcxzfarydyfsudxxrtttx
2062,Computer Monitor Adapters wcbebreqfafdbracacazduwvfexteyx
2063,Computer Monitor Adapters tzubecydxrrtxzyqfvbzruutdddwae
2064,Computer Monitor Adapters uyucxvzzesrdydyrsvybextwds
2065,General Music-Making Accessories
2066,Power Cables
2067,Television Antennas
2068,Splitters
2069,Couplers & Adapters
2070,#664          in
2071,#20
2072,251          in
2073,A/V Adapters
2074,#407          in
2075,Rear Speakers
2076,USB Wireless Network Adapters
2077,Cable Accessories
2078,Hubs
2079,Cable Accessories cfabdvesafssaqadfvvb
2080,Docking Stations/Keyboards
2081,Keyboards wddbztezxqaza
2082,Keyboards fyervudscvczeyrtruyxxztwtaftcy
2083,Wireless & Bluetooth Keyboards
2084,Networking Accessories
2085,TVs Entertainment sbbsdyfzfwxa
2086,Home Safety
2087,Door Hardware
2088,All Home Security
2089,Case Luggage Locks
2090,Security Locks
2091,Computer Security Locks
2092,Desktop Other Bags
2093,Door Security
2094,Marley
2095,In-Dash DVD Players Only
2096,See more JVC Kw-r920bts KWR920BTS Double DIN Bluetooth ...
2097,See more JVC KWR920BTS Double DIN Bluetooth USB Sirius ...
2098,Hard Drive Enclosures
2099,Hard Drive Cables & Accessories
2100,Switchers
2101,Extenders Wireless
2102,HDMI Signal Extenders
2103,Computer Cleaners
2104,Tablet & E-Reader Accessories
2105,Tablets & E-Readers
2106,Keyboard & Stylus Pens
2107,Microsoft Surface Stylus Pens
2108,Graphic Display Cards
2109,Graphic Display Cards tfczxwdfdascxwwtyayrdes
2110,Graphic Display Cards cfatrcraszxbextyefazxvzexeyqeyccadx
2111,Drives Storage tbbbweszcuruwfdtfq
2112,Internal Drives txdwccvvswwtxvcfsuawuc
2113,Samsung KS8500
2114,Sports
2115,Hard Drive Arrays
2116,See more Sony 1000X Headband Headphones - Black
2117,XQD
2118,Used:General Video Accessories
2119,Used:Memory Cards
2120,Flash Cards
2121,See more Denon AVR AVR-X2200W 7.1 Channel 95 Watt Recei...
2122,See more Denon AVRX2300W 7.2 AV Receiver with Dolby Atm...
2123,Dell
2124,See more Sony MDR-XB950B1 Headband Wireless Headphones ...
2125,See more Apple MacBook 12'' 512 GB Gold Laptop - MLHF2L...
2126,GoPro Accessories
2127,Straps
2128,See more GoPro The Strap (hand Wrist Arm Leg Mount)
2129,Camera & Camcorder Accessories
2130,Other Photo Accessories
2131,Wearable On-Body Mounts
2132,Gopro
2133,External Drives ccbdtucwsuccsbzvxsect
2134,Car Monitors w/o Player
2135,Car TV Tuners
2136,Stand-Alone
2137,In-Dash
2138,Used:Gaming
2139,Keyboards & Mice
2140,Office Supplies
2141,Mousepads
2142,HP Home Laptop PCs
2143,Security & Surveillance Cameras
2144,Smart Safety & Security
2145,Smart Home Alarms and Sensors
2146,Nikon Cameras
2147,Photography fxyybzbtrcbsrztvff
2148,Point-And-Shoot Cameras
2149,Cables Accessories
2150,Carrying Cases tyycfcfbufyyaesvzxcetqczfqbsfutfsb
2151,Carrying Cases wzxzuqbqtwcxbdsvcdcvuvscwazaxfr
2152,Carrying Cases zvuaxcqascadqyqrr
2153,Mobile Bluetooth Speakers xduyydqczswc
2154,Portable GPS Navigation
2155,Gps & Navigation
2156,Car Gps
2157,Auto GPS Units
2158,Interests & Categories
2159,Camping & Outdoors
2160,Curved TVs
2161,LG C6
2162,Prepaid Cell Phones
2163,See more Samsung Express 3 SM-J120A 8 GB White AT&T
2164,Mirrorless System Cameras dxvaycaabr
2165,Mice Touchpads rewdwwrwzvbzffvvsxdrdbq
2166,Used:Mice Keyboards ubbrdqftbuubvzzr
2167,Mice Touchpads rsxtvbzztwcyquaedrrdr
2168,See more Logitech Harmony Companion All in One Remote C...
2169,Presentation Supplies
2170,Laptops yaxcrfezbsbyucxcacwxfzcywcaueuqbquu
2171,Wireless Networking ufqbfwta
2172,Airport & Time Capsule
2173,See more Apple AirPort Time Capsule 2.9TB External (ME1...
2174,Wireless Networking rrcsvtuqdaurzwax
2175,Apple Carplay
2176,Laptop Computers
2177,Firewalls Security Devices xbfsqetcacvfsczsyxqayyayubreftaatebe
2178,Firewalls Security Devices
2179,Firewall & VPN Devices
2180,Network Security & Firewall Devices
2181,Firewalls Security Devices dfvtcuedradzztteedytwevxa
2182,Wired Networking zcezzqcfwyaqyuaxwvyyxfcuvdwtr
2183,See more Cujo Smart Internet Security Firewall With Lif...
2184,Firewalls Security Devices fwfsqadw
2185,Other Video Games
2186,4K Ultra HD Monitors
2187,LCD / LED Monitors
2188,Computer Monitors ytbrzydcexvfeuxacxwaxqtzyzxbw
2189,See more ViewSonic Vg2860mhl-4k Widescreen LCD Monitor ...
2190,Speaker Separates zuxbbweveteztffywrybecztecqtezfbc
2191,See more Klipsch RP-440C Center Speaker
2192,Computer Monitors wbqdxeazzvfxdfwu
2193,See More Accessories
2194,Laptop
2195,Luggage & Bags
2196,Business Cases
2197,Laptop & Tablet Cases
2198,Solo
2199,Recording Microphones
2200,Preamps & Channel Strips
2201,Microphone Preamps drxbubacedztqebxzuwteszsfsfrdfa
2202,Preamps
2203,Single-Channel Preamps
2204,Computer Recording
2205,Channel Strips Preamps
2206,Microphone Preamps
2207,Condenser
2208,Large Diaphragm Condenser
2209,Audio Interfaces
2210,Pioneer SW-E10
2211,Sony SA-CS9
2212,Memory Sticks
2213,See more Escort SOLO S3 Radar Detector
2214,See more Logitech H800 Black Headband Headsets
2215,Multiroom Receivers
2216,See more Samsung 128gb Pro Plus MicroSD SDXC Uhs-1 U3 C...
2217,See more Samsung Pro 128GB Micro SDXC Class 10 UHS-I U3...
2218,See more Samsung 860 EVO 250gb 2.5 Inch SATA III Intern...
2219,External Drives bybuquurefudrexzzyztccycda
2220,Drives Storage yuqzcyeerrs
2221,External Drives uaedvcevatubu
2222,See more Seagate Backup Plus Hub 8TB External Desktop H...
2223,See more Escort Max 360 Radar Detector
2224,Radar/Laser Detectors
2225,Internal Drives exweavqbavebduddesvaerfq
2226,Digital SLR Cameras
2227,Monitor Wall Mounts cudfuabrrauaxwfcfaxwsdcbcubvrfyu
2228,Monitor Wall Mounts wszbcsysyucwadrwwxysewezdb
2229,Monitor Wall Mounts betrubvvxv
2230,Numeric Keypads
2231,Network Attached Storage (NAS) sydftqwasubxbyuz
2232,NAS Enclosures
2233,Personal Cloud Storage
2234,NAS (Network-Attached Storage)
2235,Minis
2236,See more Onkyo DX-C390 CD Player
2237,Component CD Players
2238,Computer Monitors sfdrevbuyb
2239,Monitors Displays ratafrxsatbuefrfcbyytevbzwysctxdu
2240,PC Gaming Monitors
2241,Portable Audio Players
2242,Dash & Backup Cameras
2243,Mirrorless System Cameras uufxuzrxrzrdsvexvzaqfdaruxadywxdsttxfq
2244,See more Sony HTCT790 Sound Bar With 4k and HDR Support...
2245,See more Sony HTCT790 Sound Bar With 4k and HDR Support
2246,Clearance
2247,See more Corsair K55 RGB Backlit Gaming Keyboard
2248,Cloud & Mobile Gaming
2249,See more Corsair Gaming K55 RGB Keyboard Backlit RGB LE...
2250,Other Car Video Monitors
2251,Video Monitors Only
2252,MP3 Players & iPods
2253,See more Logitech Harmony Smart Control with Smartphone...
2254,Smart Switches
2255,Outlets & Dimmers
2256,See more Logitech Harmony Smart Control Universal Remot...
2257,Mobiles & Tablets
2258,Cases & Covers
2259,Long-Range Zoom Lenses
2260,See more Nikon Nikkor 200-500mm f/5.6 ED IF M/A SIC SWM...
2261,Photography Bags Cases wtqtvrfcvuastrrucecs
2262,See more Canon Camera Deluxe Backpack 200eg 6229A003
2263,See more Canon Cameras 6229A003 Deluxe Backpack 200eg
2264,Mics Webcams xczcyxfu
2265,Computer Speakers fqbwdxuswzubbyavxutbubbvzaafsyzdsa
2266,Home Automation Modules
2267,Mac mini
2268,See more Apple Mac Mini 2.6ghz I5 8 GB RAM 1tb
2269,Soundbars
2270,TV Sound Systems retvfrxrwffyavrddqbb
2271,Electronics & Gadgets
2272,Tablet AC Power
2273,See more Microsoft Power Supply for Surface Book & Pro ...
2274,Interne Solid State Drives
2275,PC-Komponenten
2276,See more Sony MDR-XB950N1 Over the Ear Wireless Headpho...
2277,Bluetooth Headphones uytueusqxdvcfrxftfeefvcxudq
2278,Vizio
2279,TV Sound Systems baesfadqwexxbctqsw
2280,Car Stereo Accessories
2281,Projector Mounts cbtqzttc
2282,Projector Mounts wautttfaedtszexqyubytz
2283,Projector Mounts Accessories fswbtafdytcdb
2284,Video & Audio Parts
2285,TV Boards
2286,Parts & Components
2287,Desktop Components zzrtfdyaerfvrucfed
2288,Computer Case Fans
2289,See more SanDisk Ultra 200GB Class 10 - - SDSDQUAN-200G...
2290,iPod nano
2291,iPods Media Players rdfzvfbbzwxsrzuadczqfasbsaxxtstsvxfcf
2292,TV Mounts & Brackets
2293,Android Tablets
2294,See more Samsung Galaxy Tab E Lite SM-T113 8GB
2295,See more Pioneer Elite VSXLX101 7.2 Channel AV Receiver...
2296,Apple MacBook
2297,eBook Readers
2298,See more Amazon Kindle Voyage (Wi-Fi)
2299,Kindle E-readers
2300,E-Readers & Accessories
2301,See more Amazon Kindle Voyage 4GB
2302,Wi-Fi  3G (Unlocked...
2303,See more myCharge Razor Plus 3000mah Portable Power Ban...
2304,Tablet & E-reader Accessories
2305,Tablets & E-readers
2306,Cell Phone Adapters & Chargers
2307,Port Cards (I
2308,iPads
2309,iPad 2017
2310,Headphones bawyzxwqcxxycyezsxbxussyaswf
2311,Used:General Equipment Gear
2312,Hisense Smart TVs
2313,Computer Cases fcudxyacbbyvcybufzrayq
2314,Computer Cases txacysdzdcawcvedduur
2315,Used:General Audio Visual Accessories
2316,Bath
2317,Towel Holders
2318,Bathroom Accessories
2319,Graphics Tablets/Boards & Pens
2320,All Tablet Accessories
2321,DSLR Cameras
2322,See more Nikon D D750 24.3MP Digital SLR Camera - Black...
2323,Used:SLR Digital Cameras
2324,DSLR Body Only
2325,Ultrabooks
2326,Wired Microphone Accessories
2327,Shotgun Wind Protection
2328,Windscreens
2329,AV Accessories
2330,Samsung KS9800
2331,Mice Touchpads dfvtcuedradzztteedytwevxa
2332,Mice Touchpads frbrzwaxdyvvzqtzzfaycccdxys
2333,See more Logitech G903 Wireless Charging Gaming Mouse
2334,MacBook and Notebook Cover Cases vzbeaquacadbfcctzxdz
2335,Folio Cases
2336,Sleeve/Shuttle Notebook Cases
2337,Notebook Carrying Cases Accessories
2338,#4976 in
2339,#2153 in
2340,#10851 in
2341,TV Wall Mounts
2342,Car Accessories
2343,Car Cradles & Mounts
2344,Mounts Stands
2345,GPS System Accessories
2346,Car & Travel Accessories
2347,Vehicle Mounts
2348,Cell Phone Mounts
2349,Musical Instrument Accessories
2350,DJ Equipment Accessories
2351,MIDI Controller
2352,MIDI
2353,MIDI Interfaces
2354,Guitar Accessories
2355,Software
2356,Other Vehicle Electronics
2357,Baseball Training & Coaching Equipment
2358,All Products
2359,Disk Duplicators
2360,Speaker Separates yytusrxxusszazawxruwdtbeucyzda
2361,Speaker Separates fqsyxvvfdcxcxsuza
2362,See more Asus RT-AC5300 Wireless Tri-Band Gigabit Route...
2363,Canon Cameras
2364,Canon PowerShot G7X II
2365,Basic
2366,Brand Shop
2367,Keyboards Accessories vcxstsfvvytrywubyqaq
2368,HP Laptops
2369,See more Genuine Apple 45w MagSafe 2 for MacBook Air Cr...
2370,MacBook Air
2371,See more Apple 60w MagSafe 2 Power Adapter for 13-inch ...
2372,Laptops yuybzfyfbwfrsexaxbyctwfy
2373,See more Genuine Apple MacBook Air MagSafe 2 45w Watts ...
2374,See more A1369 CPU Cooling Fans A1466 Cooler for MacBoo...
2375,See more Bose SoundSport Wireless Neckband Wireless Hea...
2376,See more Kenwood Kmm-bt318u Mp3/usb/fm Bluetooth Car St...
2377,See more Kenwood KMM-BT312U MP3 USB AM FM Digital Media...
2378,Used:AC Adapters Chargers
2379,Batteries Power
2380,Chargers Power Adapters
2381,Used:Camcorder Camera Accessories
2382,Camcorder
2383,Used:Batteries Power
2384,College Tvs & Home Theater
2385,On To College
2386,By Recipient
2387,Gifts
2388,Host & Hostess
2389,Speaker Parts & Components
2390,Subwoofer Amplifiers
2391,Modems wbeaxscecbftrvrtecbvfrwyvzarzwrw
2392,Ways To Shop Electronics
2393,Upgrade Your Network
2394,See more ARRIS Surfboard Sbg6900-ac Cable Modem With Ac...
2395,Mens
2396,iPad Pro 12.9-inch
2397,Used:Tablets
2398,iPad Pro
2399,12.9\\ iPad Pro (2nd Gen)
2400,Computer Speakers adzfqcxyxtdfywxyyudwtcsuvrer
2401,Bose Companion 5
2402,GPS Chargers & Batteries
2403,See more Nuvi Genuine Mount Garmin Suction Nuvi3597lmth...
2404,Chargers & Cables
2405,Cables & Connectors
2406,Car Chargers
2407,GPS Accessories rrwratfbvyvqszwqwcufvvvccfbccrsczbxs
2408,GPS Navigation Systems
2409,Car CD Changers
2410,Handheld GPS
2411,GPS/Navigation
2412,Notebook Power Batteries yuqzcyeerrs
2413,UPS Batteries & Components
2414,Cords & Adapters
2415,Batteries & Power
2416,Portable Power & Alternative Energy
2417,Amazon Echo
2418,Smart Hubs & Wireless Routers
2419,Smart Home & Connected Living
2420,Kindle Store
2421,Amazon Tap
2422,Smart Home & Home Automation Devices
2423,Smart Hubs
2424,Home Safety & Security
2425,Voice Assistants
2426,Alarms & Sensors
2427,Amazon Devices
2428,Video Cables & Interconnects
2429,DSLR Body & Lens
2430,Monitor Wall Mounts vefwytzfuuvvaextevrcdzuwrwf
2431,Monitor Mounts Stands wsrdexwvbxavfawvttzvyedvacfe
2432,Monitor Wall Mounts ufqtffxqerfbubxzeywzrx
2433,Monitor Wall Mounts vdrzbwcfbbxstfyrevbceceeqvvvdwftetbr
2434,Covers and Bags
2435,See more Nikon 11714 Digital SLR Camera & Lens Bag Case
2436,Camera Manuals & Guides
2437,Speaker Accessories fdwfcaexzvvzytustt
2438,See more Lowepro - Urban Reporter 150 Camera Messenger ...
2439,Tape Decks
2440,VCRs
2441,Cassette Players
2442,Cassette Decks
2443,Cassette Tape Decks
2444,CD & Cassette Players
2445,Wired Keyboards
2446,See more SAMSUNG Chromebook Plus 12.3-Inch (32GB
2447,ARM C...
2448,See more Samsung Un55mu7000 55-inch UHD 4k With Smart T...
2449,Camera Drone Parts & Accs
2450,Drone Accessories
2451,DJI Accessories
2452,Drone Bags & Cases
2453,Drones & Drone Accessories
2454,Camera Drones
2455,Drone Aerial Accessories
2456,Drones
2457,Toys & Collectibles
2458,Cell/Smart Phone Cases Holsters
2459,Used:Cell Phone Cases
2460,Charger Cases
2461,Pioneer SP-EC73
2462,Heating
2463,Venting & Cooling
2464,Heaters
2465,Space Heaters
2466,Electric Heaters
2467,Infrared Heaters
2468,Cooling
2469,& Air Quality
2470,Crane
2471,All Heaters
2472,Appliances
2473,Cooling & Air Quality
2474,Speaker Separates fdwfcaexzvvzytustt
2475,Digital SLRs
2476,Speaker Separates retvfrxrwffyavrddqbb
2477,Sony SS-CS3
2478,See more Sony Alpha a6000 24.3 MP Digital Camera - Sil...
2479,See more Sony Alpha a6000  24.3 MP Digital Camera - Sil...
2480,Laptops rwbdfuuetucates
2481,Dell XPS9550-10000SLV
2482,See more Bose SoundLink Color 2 Coral Red Portable Spea...
2483,Boomboxes/Mini Systems
2484,See more Kenwood DPX502BT Double DIN CD Receiver With B...
2485,Dash Parts
2486,Car Tuner
2487,microSDHC
2488,Lights
2489,Memory Cards teecytbyzsszrecu
2490,Mobile yfwfyzxddquyzucrcstvxverfabedd
2491,TV Tuner/Video Capture Devices
2492,Xbox One Cables & Networking
2493,See more 1578 Hauppauge Digital USB TV Tuner for Xbox O...
2494,See more Hauppauge Digital TV Tuner for Xbox One Tuners...
2495,Xbox One Consoles
2496,Games & Accessories
2497,See more Hauppauge Digital TV Tuner for Xbox One Model ...
2498,Atmos Add-on Speakers
2499,Bluetooth Headphones cstdxvxfryfususcuudqdyrbbusvytdfzz
2500,Desktop Computer Cases ecxwdrwvzxdaesvswdwfsuar
2501,Computer Cases cfatrcraszxbextyefazxvzexeyqeyccadx
2502,Computer Speakers byerwubxrydxwydttfbqssre
2503,Chargers & Power Adapters
2504,Wireless Chargers
2505,Charging Mats
2506,Charging Stations
2507,4k Blu-ray Players
2508,Dvd & Blu-Ray Players
2509,See more Philips 4k Ultra HD Smart Blu-ray Player With ...
2510,Solid-State Drives
2511,Samsung Galaxy
2512,Mobile Awareness
2513,Cell Phones With Plans
2514,Galaxy S7
2515,College Ipads & Tablets
2516,See more Samsung Galaxy Tab E SM-T560 16GB
2517,9.6i...
2518,MacBook efcxyutddfxywwxufwa
2519,Form Fitting Cases byafywzeezycvcwxeaaswvarzufbazaeew
2520,Used:Tablet Accessories
2521,Form Fitting Cases dtcfasvwuxuwccuercftezcrdurveuvcs
2522,See more Wacom Bamboo Ink Smart Stylus Black CS321AK fo...
2523,See more Wacom Bamboo Ink Smart Stylus - Black CS321AK
2524,See more Wacom - Bamboo Ink Smart Stylus Authentic for ...
2525,Laptop Replacement Keyboards
2526,Specialty Services
2527,See more Touchpad Clickpad Trackpad for Apple MacBook P...
2528,Replacement Screens
2529,Laptop Housings & Touchpads
2530,Laptop Screens & LCD Panels
2531,Restoration & Repair
2532,Satellite Speakers
2533,Commercial Monitors Displays
2534,Commercial Monitors
2535,Large-Format Displays
2536,Commercial Monitors tsvxfexudyvtufffubywasdsrqrfysuezwde
2537,Internal Drives bxvcrqyr
2538,Internal Drives tbbbweszcuruwfdtfq
2539,RAM
2540,See more Samsung Galaxy Tab A SM-T280 8GB
2541,7in -...
2542,Computers webzwxwywftdbz
2543,Tablets & eReaders
2544,Tablet & eBook Reader Parts
2545,Dedicated Compact Camera Pouches
2546,Pouches
2547,Used:General Photo Accessories
2548,Used:Bags Cases
2549,Used:Fitted Cases
2550,VIZIO Smart TVs
2551,Curved Monitors
2552,Computer Components zaxtfacxvbabwsurfdydezredyeyt
2553,Computer Components etcaweyxtdswvxswwuduvtcrrurqcwsawb
2554,Photography dbydbytcbfvfbbtwusaaebderte
2555,Mobile Bluetooth Speakers uydqdrbtfsxwzyzstyrbybcquvddxuzz
2556,Bridges Hubs wvyrexvccc
2557,Digital Cameras wqctvrrvbybxwsxf
2558,Instant Cameras
2559,See more Fujifilm Instax Mini 8 Instant Film Camera
2560,12 - 14 Years
2561,Film Cameras
2562,Children's Cameras
2563,Instant Film Cameras
2564,Age
2565,iPads Tablets csufczvczxu
2566,iPad Pro 9.7-inch
2567,iPads Tablets vwdxereztfcdcdaeuzfrcswuewftrcatbzft
2568,Apple iPad Pro
2569,TV Sound Systems rxxudxvr
2570,Wireless Routers dqavqrsfdfuavtzvsdufcxrxtwz
2571,Wired Routers
2572,Wireless Routers brrrvruwevccxwrvseezru
2573,Wireless Routers asfsrwzezdbcaedrrxzszdaruxteeev
2574,See more Linksys EA9300 1625 Mbps 8-Port 802.11 a/b/g/n...
2575,Sony GTK-XB7
2576,Bookshelf Audio Systems
2577,Cover Shell Cases vxazacfcwsxdrwawsq
2578,Cover Shell Cases xevyuvfcbvftduzqctaqqsb
2579,Cover Shell Cases betrubvvxv
2580,See more OTTERBOX Defender Series Black Case for iPad A...
2581,Cover Shell Cases tfadreqwudxdvebfavyb
2582,Cover Shell Cases yazwueyzrsfdcsfqsx
2583,See more NETGEAR CM1000 DOCSIS 3.1 Ultra-high Speed Cab...
2584,Other Enterprise Networking
2585,Modems yuwedcxducerzxcsdczzxdraszrxzbwf
2586,External Drives vzyzeteteauzutu
2587,WD WDBYFT0020BOR-WESN
2588,External Drives rutdqbxrfubffrdxaxwbzwrbreetbaxtayav
2589,iMac yuqzcyeerrs
2590,Tv & Av Cables
2591,KVM Switches
2592,Tv & Home Theater Accessories
2593,Audio Visual Accessories
2594,Travel Headphones
2595,LG E6
2596,Used:Speakers Monitors
2597,Sony SRS-ZR5
2598,Dining & Entertaining
2599,See more Pioneer Digital Hi-Res Digital Audio Player 32...
2600,See more Logitech M570 Wireless Trackball Computer Mous...
2601,USB-to-USB Adapters
2602,Monitor/AV Cables & Adapters
2603,USB Cables & Hubs
2604,Computer Display Cables Adapters rxxbwxxcscxuvutetd
2605,Gender Changers
2606,USB Display Adapters syatxrxf
2607,See more Denon Avr-x2400h 7.2 Channel Full 4k Ultra AV ...
2608,See more Polk MC60 Main / Stereo Speakers
2609,Brackets & Angle Irons
2610,Wall Ceiling Brackets
2611,Speaker Mounts
2612,Speaker Accessories ryrfusvvwfeuffes
2613,Laptop Docking Stations
2614,Complete Tripods
2615,Straps & Mounts
2616,See more Joby Gorillapod Original Charcoal Black Tripod...
2617,Grips Support
2618,See more Corsair Gaming M65 Pro RGB FPS Mouse Backlit L...
2619,Baby & Toddler Toys
2620,Toys & Games
2621,Indoor Climbers & Play Structures
2622,See more Corsair Gaming M65 Pro RGB FPS Mouse Backlit R...
2623,See more Corsair M65 PRO RGB FPS Gaming Mouse (12000 DP...
2624,Instant Film
2625,Film
2626,Photography edzuruvw
2627,Instant Print Accessories
2628,See more Fujifilm 600012976 Instax Mini Rainbow Film (1...
2629,See more External Hard Drive 1tb Seagate Expansion Port...
2630,See more Seagate Expansion 1000 GB
2631,External HDD (STEA1...
2632,External Drives brrrvruwevccxwrvseezru
2633,Surveillance DVR Kits
2634,#4474 in
2635,#92 in
2636,#70 in
2637,#4
2638,474 in
2639,Pioneer Subwoofers
2640,See more Pioneer Ts-Swx2502 10-Inch Loaded Shallow-Moun...
2641,9.7\\ iPad Pro
2642,See more Logitech K800 920-002359 Wireless Keyboard
2643,DVD Burners
2644,Ipods & Mp3 Players
2645,See more Samsung UN24H4500A 24\\ 720p HD LED LCD Televis...
2646,See more Ultimate Ears BOOM 2 Phantom Portable Speaker ...
2647,See more Samsung Level U Pro Active Noise Cancelling Wi...
2648,See more JBL GX963 3-Way 6in. x 9in. Speaker
2649,Business Laptop PCs
2650,Sound Reinforcement Mixers
2651,USB Mixers
2652,DJ Mixers
